product_id,category_id,price
f414122f-e,101,36.53
fde50f9c-5,102,232.79
0d96fc90-3,101,317.02
964fc44b-d,103,173.19
d70e2fc6-e,104,244.8
0816ee12-5,105,241.86
d41e0b55-c,103,76.91
83b7dc04-5,101,213.23
87c9c896-1,101,379.81
31308875-b,106,415.36
b2b1af7b-7,105,73.09
e221cf14-c,104,393.77
8c9a5f54-b,106,287.69
eeb0635d-a,101,26.26
38aec303-2,102,305.1
69d91fbc-3,106,113.71
928b4b24-d,103,426.75
12f03ff4-6,106,52.98
729191af-4,107,223.89
089c1cdd-0,102,166.75
a38a732e-9,106,77.22
4c021051-3,103,28.6
e57d04f5-d,105,395.73
b1d2560c-7,106,351.87
4dc7c4a3-8,103,257.14
ce353020-f,101,332
7fd8663b-b,103,375.59
b338a0b6-7,104,235.13
df52cac6-d,107,352.95
d384b62b-c,103,245.98
7004654f-0,103,389.72
5bfb14c4-f,106,88.07
411c40d9-1,104,40.78
d5b42863-c,103,105.1
b896f670-9,106,224.52
6b5e4a98-0,105,300.81
7f05dd28-6,103,24.17
3e56a630-e,102,95.41
1dc3b1a0-4,102,490.77
cc379a88-b,107,188.07
1695a728-0,106,319.29
c66354db-6,103,403.4
273c5035-2,107,303.14
74b72b2f-7,106,337.81
5e059f5f-7,102,449.74
dd5071f5-c,101,272.92
db828c6d-0,106,432.89
db26458e-0,106,310.86
ee59d876-b,104,479.19
919b53bb-2,106,350.61
159dca37-7,105,154.62
af65c4a5-5,103,435.6
847e77d3-d,103,400.31
e907e57c-b,107,15.81
f8495894-2,103,35.25
be68a8d8-7,107,414.76
e964198d-7,103,334.47
c834b41d-5,106,178.39
c4ddee78-e,105,237.95
59718054-8,107,458.12
0a46a91c-d,104,286.5
07ce9e62-a,101,10.78
baff7ab2-1,104,342.66
2449a91f-2,101,225.17
273ceb78-0,102,405.45
04dcad68-2,104,112.45
6d1089e4-9,105,380.81
32452d43-a,101,394.12
df40cf3d-6,101,334.77
42559644-1,102,125.65
54c501ae-e,103,202.26
893343d5-d,102,173.51
ade73cc0-5,103,30.8
663d067f-2,106,305.93
bc84dcb8-5,102,282.5
56c95db1-7,105,274.87
4dd272cd-4,107,93.08
c893a571-b,106,274.11
60e53d02-0,101,362.61
568f353e-6,107,486.62
c2d4aa98-b,106,336.49
ec8c9491-b,103,454.39
dd1ca92d-a,106,215.44
0fa064a8-d,102,33.02
2ad0fe64-8,103,138.83
9a0a1741-8,105,490.71
b46f5c60-7,103,280.66
214f0eed-f,105,327.4
c70fab41-e,105,309.67
fcbc5388-0,105,292.67
2257fd97-e,102,40.87
34a952b4-a,102,455.19
5d9e94f3-1,103,312.3
4ff5749c-e,101,193.28
74aeba43-c,107,216.18
2228c622-f,107,81.41
e907f4d3-9,104,496.05
a7298172-c,101,357.54
4118f1cc-3,107,133.93
3b0a706d-2,102,90.2
cd9ba20a-7,105,431.44
ec8c3655-e,106,42.98
b3525981-b,101,182.04
3d832b43-e,104,83.58
c40efcc0-2,102,92.92
268ce5a6-f,103,388.1
9822591f-3,104,417.57
707c9b5c-c,101,322.93
cfe90194-b,103,257.21
bf258db9-2,106,29.92
137695d9-6,106,239.67
f477647f-5,104,163.3
5b91457c-3,105,135.62
c0712648-3,103,61.84
412992e4-9,101,496.36
40ca8015-7,103,107.11
bc26060a-5,107,384.8
7f74df77-2,103,377.75
aef8a1b7-f,106,285.18
dbc17060-e,105,187.86
87d16f8f-2,101,440.5
4c54fc1d-0,104,124.56
7f15c4cf-6,104,236.7
a95d5384-7,102,397.16
69ac51ab-8,104,248.95
d516e842-3,101,123.71
d706b082-4,107,62.46
459a15e9-f,107,451.3
4ccbd0eb-8,101,320.09
7b348c44-0,103,51.73
ced724ce-2,103,388.94
4cebabca-e,101,85.98
6b4b6852-a,106,460.89
61a3694b-7,106,492.64
4.84E+02,101,86.95
b503bda4-8,104,416.65
c6e0579d-9,103,155.75
b93bd2ee-b,102,238.9
cf9bf8ad-9,104,470.33
7ae18ecd-b,103,62.48
9f5d4e87-5,106,317.67
0de24149-d,104,33.21
b1cd2571-8,105,118.52
6518b3f5-9,102,376.63
2a0374d2-e,104,428.47
119fec0d-2,104,462.91
9e012e67-8,107,385.98
4b06ab84-e,102,311
68235070-2,103,268.49
477dbdaa-9,103,185.46
e83298b7-c,107,267.4
968716f9-d,106,203.43
5b7f1241-9,105,171.63
69a949eb-b,107,326.01
e2a4b6ca-c,107,147.71
90518d68-1,102,390.2
1ee7bc15-5,106,406.06
7b5dd212-c,105,268.42
eb1e3cad-b,104,210.36
2838f818-c,106,285.47
9d19438f-d,103,494.46
c45f28ae-1,102,287.09
0f772bf6-b,102,378.27
42cf5d2e-e,102,23.54
b2969904-5,102,383.58
8d276b60-e,101,41.61
d13b913f-9,103,261.57
5c2c5955-3,107,251.32
bc3bb60a-5,101,72.43
27e9782e-5,101,421
ab7ff487-1,105,422.02
d5c83689-d,103,219.83
b7af74f2-2,107,242.33
4750a3de-4,102,334.28
7b7268d8-6,105,148.21
1f251a5e-3,106,275.11
8e964181-6,106,211.85
5a8e414b-b,101,497.4
65a4da6f-6,104,368.74
5a55a846-e,106,260.82
7ce94426-b,104,394.35
f391d9be-7,106,459.03
cde121ac-d,104,377.99
08562850-3,101,269.87
4263e65c-c,104,458.8
43630740-4,106,414.08
c3297364-0,102,496.06
4d7b33d6-4,105,295.86
16ee2335-1,106,430.43
be9ec030-d,101,169.71
6eaed388-2,102,315.8
31de3bd2-f,106,154.33
88870a57-4,106,197.33
df236be6-3,103,270.73
0a074647-b,106,261.23
88ef8a42-2,106,334.87
a0e0a691-6,104,266.2
8afa06d8-5,106,169.53
cc75f240-f,102,332.57
0cf80cb2-8,103,398.85
6b4cb792-5,106,180.6
eabbc369-2,105,433.59
9883b500-1,106,20.74
a8f16266-b,107,17.01
da23cfa7-8,107,34.13
6998026b-c,106,11.14
bf309230-0,106,206.97
f10370ff-5,106,353.08
5fe989c9-0,101,67.36
18a5e79d-9,105,203.49
8d0bdad7-4,102,246.98
928d77c4-3,105,368.25
f383159c-4,105,327.19
8d255132-b,101,274.65
2cbe2f6f-c,107,369.15
9ea32af8-e,102,84.26
65ac8845-c,105,255.74
93a8561e-7,101,440.74
41fbbdbc-9,107,316.84
e2cdb444-c,104,199.88
bcdf7628-1,106,389.85
1115a4cc-1,101,317.98
a1d355b7-1,106,165.06
a0354415-2,105,192.48
96ef0dc9-6,106,106.34
bc8f50c4-2,107,404.92
8a124bf1-f,103,289.62
7951f51e-0,104,129.89
28cfa86a-5,106,41.2
612b78d4-f,102,208.08
b91ead40-7,101,114.84
88c4fbee-6,103,430.16
12e1e7b7-7,101,431.98
743ba069-f,106,472.77
4ee2c2d6-9,101,473.18
1c303802-d,105,205.06
fe1e6a78-9,104,485.71
3ba8563c-f,101,84.28
afda448a-a,105,189.84
916025c8-f,101,366.4
ece88ff7-0,102,93.05
9083e49d-7,103,398.16
c69635d9-f,101,326.51
23e7a67d-1,103,367.98
7bbba576-7,103,424.14
948a3b40-d,102,359.51
b6bfe4cb-f,103,187.2
56f9b336-5,106,232.12
ce4c61d2-d,101,236.78
d2f40c10-8,101,439.4
3d8c1bc0-8,103,133.33
1bec4273-5,104,199.31
e570765e-b,107,143.68
be05d6b5-2,106,313.37
06ea5adb-3,107,311.05
0d1765cc-2,104,71.34
23eca2e3-4,105,354.11
00bb902e-c,105,163.91
c1cbbee6-d,102,460.83
8730a0ee-7,104,49.61
9869b403-1,102,325.51
7936a1cb-1,105,394.16
a49efe9f-9,106,440.11
c0b10d64-7,105,94.52
474c66bf-3,104,209.41
312bc8fc-8,103,413.31
f048a4a2-5,101,205.82
118fb0b7-5,106,110.73
36d0d0c8-a,103,432.1
a1d11037-3,101,375.09
5f7c41ee-8,107,69.77
148cb3f3-1,104,430.96
03855207-2,106,429.69
5409dd3e-8,105,381.28
fb807119-e,103,72.87
a875d9c4-3,104,37.67
c0b273c2-5,105,485
61c34d6b-7,106,214.45
e7f6b561-2,104,315.89
e5e1cfb0-8,105,211.67
108aa207-b,103,490.75
06a09e72-0,103,444.27
d0b8fdbd-c,101,244.61
6a7a755f-3,105,444.87
8fb4616e-1,105,231.08
211045d2-8,104,32.39
19c38aae-f,103,260.74
96cc2aff-a,107,446.14
1f547b94-e,104,144.56
38cc3695-2,106,467.35
0c216a89-c,103,71.02
8154e3b9-f,101,374.32
9a063b15-b,105,61.82
1c38c5f3-a,106,214.64
4743f61c-6,105,220.76
f7dc5f39-8,103,204.56
938a985a-3,104,78.43
8423ce73-6,106,132.48
67788728-f,105,334.55
f103ac45-1,107,311.29
2b5c6c6d-1,107,70.49
adf77823-5,107,243.69
1e180b5a-5,102,74.67
747539b8-3,107,388.03
d037e5a2-4,101,28.12
5d6fed7e-c,105,112.53
35303867-3,105,439.81
035b2887-1,101,220.37
409255b0-7,106,314.16
cb2df151-f,102,438.97
9e7e2170-8,102,166.89
952d56a9-b,105,222.28
c5cfe88d-5,102,128.89
e8999fe4-c,104,65.88
30884869-f,104,31.93
9c80171d-4,106,18.79
d09b26d9-0,104,46.99
2b55fe4e-5,104,293.28
7bd70763-d,101,419.54
f6ac2fc8-b,107,150.09
9837356f-2,105,172.11
fa178a1a-9,105,440.57
d0248426-8,103,121.31
3e909d12-3,107,481.88
8783e6d7-9,106,177.59
6c60ac1f-5,107,443.05
ce33c092-3,107,235.33
6917952b-a,104,24.75
dd47ca5c-7,107,470.9
dbdf1bd9-4,105,237.27
affa909a-d,105,151.72
b728a1fd-f,105,27.88
9290dba4-3,101,26.95
35165fca-f,101,417.34
f9b277b8-e,102,207.54
6330d18c-c,106,123.41
cca83636-7,101,398.36
0e1a71b4-5,101,350.5
f75cd757-e,105,459.93
d7756866-3,103,324.93
8758e2a7-5,103,483.48
f6668874-4,105,286.37
99f4f73c-d,101,486.15
34731d18-b,102,44.29
9daf59d4-d,101,481.53
112725bd-9,103,404.07
5471b17a-5,101,63.31
4e770614-0,107,254.31
880eab94-7,106,152.98
a3a6c3c3-5,107,199.16
2029492d-a,107,384.71
97aa2898-6,103,498.37
1a75428d-6,104,142.53
741be484-3,104,353.77
6cc0fabb-0,103,38.68
edc90cdd-f,107,34.3
49da2a6d-0,101,121.05
19694848-0,101,117.95
966d092f-4,102,41.11
e1fbcf04-4,107,171.56
5ff948e9-e,102,190.47
37dd32b9-2,103,94.21
f5929b23-f,107,294.66
f735c522-7,106,262.15
0bb347fc-8,105,257.35
385d5a98-5,105,318.15
1879476d-1,101,432.56
60552b00-5,105,386.32
8dc77453-f,103,131.54
68175273-6,102,32.29
1716680b-f,106,278.03
61dc6cda-6,104,381.05
3b35362c-0,103,56.78
7321f69d-6,101,30.56
70243117-d,102,387.81
ec7ee1d8-c,102,375.41
9f0f06d3-3,101,183.1
b1f1cec7-8,107,278.54
fbcacc6c-d,102,227.68
28c40ae3-e,107,490.91
9eeae0e2-6,102,69.31
b8c6b653-c,104,31.12
538ed23f-d,101,225.59
c612b025-d,103,328.31
5aff8eb0-a,105,92.21
0a6ec1de-5,106,95.3
4cf74eeb-1,103,467.24
66d31bcc-5,101,181.68
86c443dc-d,102,267.88
e5071257-0,107,138.46
2d45fe93-4,102,151.92
1df471c0-6,107,163.54
ad05bd9b-3,104,286.09
26feb22b-9,104,209.89
43084da7-3,103,454.14
d3ede683-9,106,87.6
8b7d3acc-5,104,223.73
c2358c11-c,102,473.12
5e1c0286-d,102,474.63
6f5b3c27-7,105,351.26
1e048fba-3,102,412.47
5e3bc580-6,101,221.39
b6c438b1-4,102,47.18
6ff74b4d-7,101,363.37
513edd5b-a,101,116.06
474e681a-a,106,321.07
1e7bf1fe-6,105,485.4
f28cdd02-7,102,129.71
38d8b02d-4,102,481.63
6eac3727-8,107,112
db7d8ba8-a,105,444.98
0e5c25e6-2,104,226.97
5d6d3c17-6,107,412.98
d0d702ad-8,107,306.97
25ea4a1f-0,105,479.52
7c4d897b-7,101,422.68
7fe0ba98-f,103,450.51
fa1b70a0-d,102,337.72
dce9a48e-f,102,355.43
933712e7-8,101,250.41
37cadfa7-8,104,258.08
27cdeb76-6,101,61.98
cfcc5fd6-b,105,277.14
210a2d36-7,107,181.62
4c798c68-9,104,101.29
e0f744c7-3,101,399.69
f5819e74-0,105,181.69
37800a56-3,102,138.51
1a3aa7ac-9,101,360.88
6d05da53-3,103,152.43
2ea64143-d,106,278.78
9a544065-a,104,82.95
28dd3466-1,101,83.31
7438ea1f-c,105,268.14
071b5966-3,101,489.42
1d4e9360-1,106,210.4
e5a12194-5,105,99.23
385838a7-e,107,280.2
bb11a08f-4,104,200.14
b22c4626-9,106,388.45
2784b792-4,107,429.43
c1e93299-2,103,348.15
762221aa-3,105,176.6
389afb40-f,104,228.74
2830b16b-9,106,302.97
88733fae-e,104,117.7
67d80dfd-7,102,219.19
381eab4a-d,106,137.74
36fe6ac6-2,104,436.86
82b6cd96-6,101,269.89
a1f2b6dd-7,101,81.82
5dd58cd8-2,105,353.61
ed21c448-4,103,37.73
3eb56196-f,105,215.34
c3890ccb-8,103,117.18
4a8e60af-d,104,451.22
7bcd7ac9-6,104,382.83
90a62e58-d,101,213
9e13e61e-c,106,450.17
d5ffce9f-3,106,251.98
3bf1badc-6,104,345.49
8f8a84e9-8,104,431.89
531124f2-0,102,76.69
4fb52521-f,107,373.26
ae353616-c,105,26.71
3eed3203-4,107,191.54
062f7492-d,101,473.96
c18f0916-4,104,347.43
1ff000e0-e,102,200.63
69e1b723-6,106,47.45
5e2b3419-a,106,453.53
91b88773-5,102,378.95
908a54b6-0,101,321.66
27c745da-8,106,429.78
51f72692-9,106,392.26
d269fa86-d,106,169.92
03e902b1-7,104,344.08
a2075783-1,105,119.61
507cfd45-3,103,304.02
d530da77-3,105,221.6
cddf766d-e,102,371.72
d78da125-0,105,245.53
018f23ea-7,106,435.73
b121d823-9,104,399.88
98898541-4,102,471.77
919c0e4d-0,107,451.25
0e7f87e5-8,103,168.52
310c2d25-b,106,272.8
73bb6de8-1,107,153.13
31dd646d-7,102,244.73
267985bd-2,101,74.64
b8455d97-7,101,204.33
7dcce976-1,105,426.27
a7f3a36d-b,107,369.36
f4193c4a-2,107,384.61
26c3c2aa-e,102,203.19
012b2dda-1,107,394.31
52cdaea0-8,104,135.22
3ba6780b-a,103,241.76
5024d38a-c,103,20.31
4af5147b-4,103,236.62
3c7eedc9-a,101,250.72
6280a914-4,105,407.45
5497ca0e-5,107,436.95
3a6f86b9-b,103,292.37
122394b2-e,101,63.8
63b737b8-d,101,462.49
433fec78-f,101,122.14
4b94f455-e,103,430.8
451dc78c-3,105,245.54
c385a9e4-c,103,411.1
ce07178a-6,102,152.62
13cd0a57-0,103,141.24
3d9f22df-f,107,419.81
a0d2dea3-a,102,389.67
56886e5d-7,107,426.13
6e4a33e0-e,107,496.76
5ec4a8b3-d,107,109.99
4a545c9f-8,105,423.41
f330657b-d,106,59.42
2fe1f2b3-b,102,14.4
bef56996-5,104,127.92
84268f41-1,101,190.26
0f8b3bb7-8,105,366.79
4396ccca-1,106,238.92
4b89d022-8,105,105.61
5afee66b-4,104,251.84
17c05cd0-c,103,482.78
b0d69622-a,103,204.49
f73bf81c-f,107,364.65
b3345786-8,105,66.29
4023a06e-7,106,122.79
3f1caf62-f,106,59.16
2ad69764-b,103,482.74
33850590-0,103,400.25
07fa6d99-0,102,278.69
14161f4b-8,105,446.45
33b219e4-0,103,77.79
89d4357f-0,102,126.91
c6438a19-5,103,350.82
0a454a94-f,105,43.02
fbe1be6d-3,103,416.29
9d4429b3-b,105,128.2
912f767d-d,103,112.97
4b585842-7,103,221.92
c043a23a-d,103,356.78
6698a03c-9,101,309.92
6e225e67-8,105,400.63
15b532b8-c,105,377.55
f1aa4880-3,104,382.33
e4733b2d-3,104,215.61
88ac9198-a,105,352.89
ad95ddec-0,102,403.98
2392c4a9-b,104,19.44
95d60434-e,103,422.63
e9feb788-5,103,302.73
0ca7d06c-9,104,71.26
1d45530e-f,105,332.89
33f24bca-a,102,254.19
3a2603ce-0,104,436.15
a8e54bbb-b,103,379.65
c97eb78f-6,103,440.27
408988b0-2,103,358.89
1d0dfece-f,106,463.05
ad413f74-7,102,14.66
74232b1e-e,102,374.15
f1612cb4-2,104,330.67
1730de82-d,105,367.14
b99ff610-5,107,96.93
fd68f3df-7,106,326.94
68365458-0,101,133.61
b1cac920-f,107,319.29
c4e06440-e,106,473.16
ceab308d-f,107,261.33
fda392f9-d,106,332.48
64049319-8,102,180.06
494800ef-2,106,478.62
2ac7fc27-9,101,391.77
2a34ede3-a,104,194.6
93f6ad6c-3,107,145.56
f6ffdeea-1,103,149.93
cbeb110c-d,105,197.26
758e3cf5-d,105,125.47
c8304287-0,101,221.24
b3684052-7,102,421.76
f9c3cc85-b,101,342.6
4d81096c-a,104,380.5
96a4eeb1-a,107,435.45
d45a02f8-3,105,255.26
1ac7fcaa-4,101,142.92
0ae87429-2,107,203.54
8baecb87-6,107,71.16
56534cf5-a,105,484.89
891369e6-3,106,431.84
1859fc40-2,105,236.16
eb398faf-6,107,319.55
4da1fb5d-d,102,132.67
dfc784ec-d,103,112.35
69843943-b,105,170.5
a4353860-7,107,287.69
11d34f7e-2,103,216.75
df7930b9-d,107,37.79
4ac6af27-a,105,100.23
273017e8-2,104,453.66
93235dc9-9,103,401.54
37a661c4-a,104,442.41
c4f71922-a,107,224.56
e740000e-2,102,435.97
35efff39-b,107,398.25
63c30b65-a,103,262.8
06fff043-4,106,257.67
eba5c94a-6,103,410.07
39c7b618-6,103,51.33
76ca9c3c-c,104,28.77
268b335a-8,102,130.27
8164e79d-1,104,113.72
a2f99d43-c,104,306.77
d36a344e-f,106,68.53
92411baa-e,107,186.96
ed268cfc-4,101,496.79
6390f2ea-8,105,479.63
7cbf22f9-2,101,235.86
85842870-7,104,74.55
28ca7dce-f,106,269.25
30ff2cd8-5,105,66.37
579ede7a-c,103,122.84
b6add811-e,107,209.68
e59dd1ef-7,106,243.62
594121e8-4,101,421.25
4aa17ee2-e,104,281.6
d001ebc6-5,102,355.16
f474b729-5,102,172.78
0412d7ff-f,107,96.27
41f528fa-5,101,286.09
ef18627c-6,106,407.47
8029a89d-b,102,230.18
158fd3b5-2,106,473.05
a52fdf17-b,102,126.42
ad642b46-7,107,357.02
dbebaa55-4,106,114.6
e1afb191-5,104,483.93
1fe67292-0,107,410.02
793480ee-d,106,39.29
3b3acd49-f,106,143.25
c5a964e5-1,101,487.54
0c4145bc-8,103,84.34
98eb0ae1-e,107,83.69
32f4abf1-e,107,412.56
ac13377e-b,103,83.48
46b7b3a3-0,102,422.69
df1e3f0d-5,103,110.52
347bc94b-6,107,307.25
176b24ce-d,105,83.16
bc2a8a1a-0,104,33.33
1587d0c4-b,105,96.23
2a339668-e,102,246.49
afd38630-0,105,414.86
33d1d69e-5,107,87.2
d86c4787-2,107,15.67
c8ee38d3-1,104,396.59
380bf7e8-2,105,64.47
a7e4d8b4-9,105,364.19
74a43ff7-2,104,265.86
4cc35f1a-1,102,202.03
7c011ded-7,103,340.26
a6326e35-d,102,84.13
05c97ccd-6,106,72.96
e10f1782-1,106,412.27
90ea4fe6-d,107,16.08
b7e948d3-5,104,13.43
7f6906b4-0,101,375.79
a8594906-d,105,184.8
bea3dc50-a,103,15.56
a6166130-b,101,197.79
581a41f1-b,105,175.77
b28c2240-7,104,174.56
6f0fcbd8-e,104,279.38
e101ab76-7,102,129.52
2c1cd7b8-c,102,125.93
57b27e03-4,105,78.34
eb0596ff-1,101,23.85
4913cc97-2,106,209.44
bb6469a8-e,107,291.97
fda470b8-1,107,401.11
0b4350eb-5,105,335.49
d8f3686a-3,102,58.24
30b35209-e,103,164.37
c29aa4a8-f,104,99.36
5e9900af-f,101,351.99
676d7645-b,105,365.39
ba8a075e-b,103,12.32
a9cf9e47-1,101,355.88
84478b2a-7,104,462.7
f3fa141b-a,102,308.66
3316625a-a,101,155.2
329af66f-e,104,143.63
efd0a0a2-6,102,23.78
d474e7e9-2,107,365.38
4b0562d6-6,101,156.89
2ab12e1b-6,105,429.37
ef5c107c-f,106,197.66
0bb5397d-8,104,167.31
868803c9-8,103,494.3
f6a07190-8,106,115.09
51393037-0,101,140.42
4c529cb5-6,106,263.55
581977ad-e,106,23.62
05a68613-e,102,181.26
38210005-e,105,389.82
a1ca6a6d-5,101,347.3
7b2f61cf-4,105,73.29
468994c4-8,107,308.09
7cb9f116-e,102,341.04
9bba74d0-a,102,268.87
1d561c87-f,107,30.54
3b16bf75-a,103,326.97
aa8da6fc-a,101,143.47
576781f7-3,105,243.15
6eb3c1f2-9,106,422.47
17546bcb-2,105,243.06
bb5744d0-b,106,179.92
f254b403-8,105,95.75
842dd0ce-5,107,398.4
8300126f-c,103,447.35
2a4a8474-e,106,481.84
524bb820-b,103,112.69
d9daf14f-5,107,466.59
68912f50-f,103,37.83
95991863-9,104,197.76
fb79fc41-8,101,308.9
203a42f4-5,106,169.15
c42c9409-d,101,220.98
0c0daeec-a,106,218.58
84d390d3-6,102,259.42
118c14a6-4,103,369.33
1a38d99a-4,107,424.82
f5f63eca-8,101,426.82
ef1c4943-2,102,50.89
b2240a4c-f,103,362.6
5284add4-d,102,150.55
9150cb0b-4,104,48.18
13ac4c2d-9,104,138.64
6acf0b33-c,107,274.22
d13af207-3,104,327.53
6087024c-4,102,477.1
4361fa36-a,104,213.97
cb7f85a2-c,101,305.91
d1231bbf-f,105,109.77
ac5c0b1b-5,104,42.93
e3fbbb68-6,105,387.69
1b1beeb3-3,101,64.68
e2579884-9,106,55
7c632a2e-c,103,261.36
3fffb302-7,106,415.54
0d81cb5b-8,101,291.5
887204fc-0,105,56.4
166a45a2-c,103,63.96
567355fa-3,106,246.62
2d4ef699-f,105,61.7
5e93104b-a,105,434.51
00fcb9c0-8,102,350.78
ec4cfda5-5,105,137.81
cc021b5e-8,104,18.74
10e8a4f7-b,103,457.22
2c91e42a-6,103,233.57
5978f0ff-1,107,136.96
7e336240-1,102,440.6
e526dc06-e,107,267.99
6d1515e6-3,104,80.57
22678cd9-e,101,417.36
9aaae28d-d,107,294.52
6cfb4a90-6,101,375
fa76eccc-7,101,60.63
c0d8e8ab-4,102,214.26
84b8e40f-6,106,131.08
a123f1a2-e,102,395.41
bc32e509-c,107,477
cacf1f1e-3,107,314.34
0c58c336-9,102,232.51
5c0ef37f-2,105,306.61
a4399143-2,104,271.74
7ba3966b-5,101,363.52
e1224f77-9,107,304.33
4f25c1c1-a,104,403.2
30571c6b-a,107,317.23
e7b4c53e-1,106,325.63
ad74ed86-b,107,443.94
7fdb1426-8,105,105.16
26488257-8,106,95.11
0ab77e86-e,103,231.11
9d8e1e52-1,106,89.92
1d77c7af-3,106,293.2
4116b831-2,107,171.28
f0ed22c9-3,104,476.57
b82fe130-6,101,323.84
1f12847c-d,101,430.99
53b4de6e-9,106,74.43
dc45d710-7,102,390.11
abd19d27-0,104,311.55
b709f015-d,103,136.17
1856f48e-9,104,290.57
30c6766f-3,104,465.37
e5167a38-0,106,98.93
39394899-d,101,468.2
c5b6f5f8-7,105,146.93
047680b7-4,103,481.22
962ce4b9-9,106,51.83
38515136-8,105,221.27
f8a7b3cb-a,102,39.97
1cb6afbc-4,104,219.61
326dc1f5-9,101,153.68
2c0caa2e-4,102,393.56
bade74aa-4,102,27.49
e797ba11-c,106,279.28
9a56685d-c,107,77.45
8dff29eb-7,101,226.49
0a39406a-e,104,111.14
21918b6b-3,101,323.64
52f65655-f,105,235.75
cad3fdda-e,106,40.1
183ca096-f,106,379.07
6b5e75a3-9,107,25.28
3ed75263-6,103,340.18
284503ec-c,106,10.37
41e93c18-6,102,334.28
e8883132-5,104,160.13
3a7449b5-2,101,223.01
a9f02f8c-1,102,330.76
620721a3-e,101,345.47
0dc1a84f-d,105,404.19
d332a849-4,102,328.44
60fcaed7-7,105,152.84
a0441877-3,101,353.96
cc8b1c23-2,102,151.55
f2c895cb-2,102,412.92
598596a4-7,102,326.52
86885061-1,107,198.45
9bf78c9a-3,107,132.31
e54a25c2-4,107,359.46
cf29c7a3-8,105,466.36
c6347235-0,104,368.62
3c9a3ef2-d,106,374.41
1f31c5f9-6,107,408.46
95199ded-8,103,252.68
9463ea85-8,105,302.72
4efbd6fd-1,107,335.31
fb219753-e,105,253.05
d1391498-e,101,482.4
c95968a6-3,104,384.44
63955182-b,103,340.43
c9b146c9-5,103,323.46
a1878150-1,102,495.35
fde754b4-1,103,422.7
090337cd-a,105,183.06
ac287cf7-1,101,439.67
18c52147-6,107,40.86
75aef9df-6,105,131.99
cc0cd40a-a,102,264.43
2cfa9ec7-0,101,152.63
f9ab318b-7,103,435.67
9a5add4e-2,105,458.34
a5155b7e-c,107,201.3
c8124e78-4,103,221.53
5c0b6596-f,101,475.5
aaf35eae-2,104,293.84
25cd002f-e,101,367.27
86dccec4-a,104,89.92
25c1502c-f,107,422.91
e0d5b83a-3,107,276.94
788e7cc6-6,106,408.28
33036bf9-b,107,146.46
1518f397-4,106,389.59
0faf569e-1,107,273.61
ae145df8-8,101,373.25
1a48d1a4-7,106,120.24
1eda0f3c-9,101,195.46
075c7e1a-a,101,18.99
a526d0bf-9,105,124.31
979b12da-c,102,233.95
6a9280ea-2,103,291.38
87c9f24f-8,107,108.86
5655eb89-5,104,201.42
d767d45d-a,106,129.48
e8d4ff23-6,104,475.59
b8375129-c,101,471.4
8a2d7d67-b,105,279.07
f2dc543b-9,106,373.45
fa44d09d-5,102,89.77
b7a796cd-a,101,102.51
dcb6da7a-7,101,246.87
cec7eb10-1,101,163.15
e716451f-f,105,221.52
7ef9e09f-b,107,411.81
602bb15e-4,102,466.18
c534d5aa-5,103,446.49
bfc775a1-a,104,259.36
2fd1ffe3-1,102,261.74
f9c10c74-8,104,226.02
136578f7-6,107,149.94
706a6f3e-9,105,44.18
581fab2b-a,107,94.83
c7008243-5,101,313.21
4efe9fdd-5,102,249.86
e4e13f0f-d,101,250.31
a6212e2e-a,101,330.56
a28d5119-1,102,377.06
78ba3547-b,103,337.91
8243d88e-e,103,52.16
8f3a5380-9,103,95.61
04284bd4-a,101,155.98
6d626cf9-1,107,18.56
66f17216-a,107,26.86
8264844a-e,106,202.35
ad1f054b-2,107,263.22
3d5fe14e-1,102,298.79
27fb556a-3,102,457.07
38362f6f-1,107,442.46
35f1c343-b,107,255.81
100f5bd6-3,107,32.89
e23f5984-b,102,251.88
85edc59a-c,107,120.68
625ff553-e,101,30.21
c3fe6a0a-3,105,246.17
c1fa2667-b,103,329.85
d565ad1e-7,103,437.06
7e5f9dad-d,106,204
91e98516-d,105,207.44
1d206f3c-3,106,463.6
769c6a76-6,106,359.03
9b6c0128-f,105,384.7
d570140f-e,107,298.02
c8170aaa-e,102,400.84
3cd49ea6-1,107,464.71
fb711bf3-4,104,16.11
135f9af5-5,105,484.74
43e4b99f-6,103,365.33
317d65ec-f,107,176.01
b44206d3-1,102,464.89
f9677a24-6,102,401.8
0614e833-2,102,210.96
3c8d5057-5,103,67.54
624d50b3-3,105,31.73
76d8a34e-b,107,298.26
1f2ee9a2-5,101,247.86
03f4ca3b-8,102,362.83
e8f069f8-6,105,476.64
d3a6af1a-7,101,388.38
19c52cc9-5,101,337.33
f0767145-7,105,494.14
101ade60-3,101,455.94
cb17280c-0,104,221.53
9885fa19-4,105,461.56
d31d0123-a,107,168.59
4cca89d4-4,102,482.74
b3d1ba0f-3,105,200.93
875caa36-1,102,18.84
eb873293-1,106,109.89
5b444a16-4,107,98.61
4.46E+03,107,459.61
e9dd6729-5,107,28.61
82cc06cc-0,103,378.85
fbe1f8ba-0,104,78.87
c070b4b6-1,104,362.99
6341d191-8,101,198.38
87e5625f-c,105,471.66
25a9c188-a,102,68.68
8adaa913-f,105,289.83
46a92f74-2,101,343.43
37d88ca0-0,103,196.34
c7378104-f,105,183.04
49ed6d0d-8,101,182.28
46500eae-c,103,329.94
d701275e-9,106,50.63
584a7808-7,101,40.61
79a38003-0,106,73.19
868c12ec-1,107,140.84
4d8fc1fb-3,102,460.17
272d1c1e-d,103,248.71
bf98ce15-f,107,33.88
a2f4cd32-3,105,464.05
1ff851f4-7,107,180.19
605fd5fe-7,104,329.78
7150ff17-b,101,336.05
df7cd075-2,103,95.06
b46bc60c-b,104,94.97
eb885daf-7,104,443
22ed0aa6-5,101,230.09
d6276dee-6,103,65.75
6dc8bf66-f,102,116.39
e4426847-7,105,315.16
bcdaa92b-c,101,133.14
63132048-a,106,167.4
77363464-a,102,43.48
5e26e41d-1,107,14.54
7d7d6526-3,101,302.08
7d1006e3-7,106,474.64
f4dc1f9e-3,103,496.29
97a50e99-a,107,397.3
3d3bc42d-c,104,284.26
a7ddfd45-9,103,146.22
2c2faf85-a,104,134.41
7efcfbc1-8,103,277.93
505d5a39-d,103,175.25
89fe8404-d,103,12.14
e2a6302f-9,105,333.82
dc1f1f13-f,105,125.36
89ddf5fd-7,107,109.9
c979e542-7,102,473.91
2166f519-9,107,294.36
fd8c870e-2,102,460.68
e94d9977-3,106,362.96
19f3b34c-3,104,95.3
c4910d2d-c,105,259.1
45f9b126-8,105,205.38
7b2b5520-9,102,370.12
ab136d2e-f,106,97.7
eedfbf75-6,106,306.03
5697bb51-3,103,72.75
2ee16cb9-f,102,186.26
22332c97-1,103,16.7
c2a9a44a-4,103,191.15
47f7d81c-2,101,232.55
04a731ad-f,106,234.62
106c929a-7,107,31.72
fb8256e8-a,107,159.29
805daac9-0,102,30.68
1b911467-9,105,285.83
92ff2301-c,102,311.67
c968f734-c,107,277.94
a952cd60-a,105,368.42
58473eef-4,106,379.22
45f6a7d5-8,107,265.27
21341a74-3,106,369.05
ed14558a-7,104,493.7
9ffd92ed-4,104,499.65
1878cf5a-b,104,31.78
78fc8fe3-6,103,145.1
025cebdc-b,103,163.27
186cf076-b,103,223.69
0c602c0e-d,104,417.94
4395c151-c,106,270.76
4bf67e4a-1,104,497.52
a2fdbbd6-3,101,348.59
c4f7e6b0-9,107,362.5
4d57ddaa-d,106,411.6
4a9db56e-b,105,206.82
8cc9674f-9,105,161.64
881ea42d-0,101,27.22
d12bfdfa-c,104,310.78
fab11646-d,103,227.18
1524eaed-7,106,383.65
87409d7f-6,106,153.01
12dec9d2-a,101,202.59
a5f0b72c-e,107,464.92
00cabebb-5,103,241.52
dc52dd90-9,102,153.55
9cc7d475-d,107,52.37
ccaace6c-b,104,83.47
353a3dfb-c,102,56.54
ed3c487d-3,105,200.97
6088e242-d,107,458.08
54459852-1,106,284.25
44399f1d-0,104,329.64
adeb9832-4,105,407.43
52de41ab-1,102,141.16
ab11e8cb-a,104,291.79
65461fd8-0,107,211.17
af0a95ad-9,102,461.66
7b13c22d-e,101,71.33
9f3985c8-e,101,208.52
654d10d0-a,103,251.47
cb073c91-8,101,249.57
9d539845-5,106,327.6
6c517e1f-0,106,79.12
6e5bd6db-0,104,419.33
f8863647-9,101,485.37
5771604f-4,107,381.37
40efd882-7,107,43.97
a4d41da0-b,101,18.83
1f1d87d4-7,101,407.91
66140a6e-1,107,242.01
7b67e89b-6,103,284.88
7df8467d-8,105,277.39
8a92200f-7,107,93.6
9818c76a-8,107,300.06
73871064-1,102,34.36
5be37573-b,103,258.4
ca06715c-d,102,347.13
c92b0f0c-c,106,480.8
9bb22a8b-a,106,92.03
3d7c2710-7,102,341.83
207d5b1e-8,107,354.66
f0074454-3,105,441.84
4ad3c592-c,106,481.86
c3265e2a-f,105,382.18
80b52540-7,102,161.02
fd1ec13c-d,103,477.48
b9bf1e92-b,105,301.17
7e635ae5-c,106,428.08
e876784d-7,107,260.66
791be972-6,105,126.22
b99c3aa9-c,105,15.04
b14ddad9-e,106,474.05
650cfb0b-7,106,261.58
4800e623-9,101,484.13
88556210-7,104,73.24
28a53034-3,102,342.32
e960a759-3,106,69.64
263982c9-a,105,407.48
4a32c0a0-8,107,99.49
aff7f14b-0,103,330.6
11fb33c7-a,105,90.77
1990cfc9-5,104,130.13
e20f0e47-6,105,441.92
fc294888-f,107,256.51
289544ad-2,101,392.04
5a4c2797-7,106,496.82
76639c92-e,107,206.43
872b8abe-f,101,278.41
a90e4600-6,103,221.23
01f61e5d-d,103,253.31
3f220d8a-4,104,85.36
a0a861a7-0,102,122.21
7e13033b-9,101,40.02
b843f1a2-3,101,482.59
22c19343-0,102,343.71
58a12720-9,105,407.74
02c35efa-3,105,274.57
9824cc72-0,106,181.18
36a204de-b,105,301.21
80b28ec1-1,101,378.97
f0dc391c-b,106,291.57
8dfa80a9-a,101,374.81
b720ce22-f,105,285.95
563623c6-f,107,309.01
09144443-b,101,499.96
17cc8844-e,107,376.17
fc077491-6,103,189
0d2ea5a2-6,101,471.23
c2e06025-6,105,108.88
bc80dadc-b,106,176.92
e695e227-e,104,172.71
deec827a-3,103,403.23
a6a347dd-a,105,224.05
9f0098a7-5,104,458.94
a6189391-d,106,186.09
34d122bf-5,103,94.02
7b4233d2-d,103,178.71
bc8165dc-d,106,138.31
f12eee5a-c,104,61.62
475d4cf1-c,101,493.04
a3b21d1b-b,102,93.28
70b6b201-4,103,459.49
7dd40ade-e,106,246.03
48231ccc-5,107,172.66
4b41a5fc-3,102,233.2
2787e47c-9,103,304.79
143dd678-7,105,124.42
82b5be1c-d,107,27.16
66d84c63-e,101,420.22
7b826100-c,104,187.72
8f17be1c-d,103,363.56
2db00657-3,102,256.97
ff777544-d,103,389.7
5be07323-d,106,242.13
7c691a42-9,104,415
6ed3d2f3-3,103,205.38
a72d9534-6,107,402.37
94d72c63-f,103,130.6
f5925221-d,102,401.02
d6f32dd8-f,107,376.07
264cc6f2-b,105,361.79
796274f4-9,107,477.51
baf6af3a-2,103,209.1
54768b80-4,103,367.38
77b44571-a,104,49.99
98991933-6,106,223.13
a315c8f4-1,102,481.77
71e34e7e-d,103,333.36
4b0a0467-d,105,460.93
ab545833-e,106,198.84
6c180001-8,105,335.09
60305bf5-b,105,410.41
d3dc4ba6-3,107,393.83
e2c3e03c-f,107,398.76
87109b74-d,102,455.43
ed1adb23-e,103,352.31
f163326a-e,101,166.63
4c7cdc78-5,101,362.57
0ca0aa41-4,105,96.73
c5cc3ef2-7,101,420.31
a57ea4d6-b,101,56.1
545a2eb9-d,101,349.84
3636152c-4,105,358.31
b75f0c2c-f,103,361.61
dce8b779-7,107,450.48
5b6f25c3-7,105,330.31
63ae55e3-c,107,151.85
81a22f1c-4,102,276.74
4583a4bf-b,103,345.43
510084a8-1,105,389.96
22eb5551-c,106,16.18
94f6ab2a-a,105,226.93
9fbcb30e-3,107,116.1
2a410eda-f,103,216.97
d0a161db-1,107,33.25
25ef6419-9,107,181.56
6f11ccc4-8,102,350.58
5524ed33-7,102,222.11
b278799f-b,104,445.45
4ba7e11d-7,106,449.09
f99b8f8a-c,104,206.19
c8d049e0-d,106,19.55
44002de8-0,106,211.62
e77e1af7-5,107,152.24
81dfd444-c,103,222.36
5f4bc204-f,106,95.92
1e2f69da-1,104,335.09
7bf2973a-6,103,241.25
52599214-3,101,123.91
c9dde1e5-4,104,170.1
946ec3fd-e,101,12.24
0be9c57e-b,107,496.29
aaba4dcc-7,104,214.77
0169a3ab-a,107,453.64
73014b58-9,103,63.98
d885509a-e,103,343.35
808ca9d1-8,103,46.68
1dacee5b-e,103,269.06
60dec6bb-a,101,145.91
dcae4939-5,107,300.96
dbee7a4d-d,103,83.67
037ddfe3-9,103,491.44
84be7a5a-2,107,436.45
81899877-0,101,177.91
c89c4459-0,103,53.69
feeeabdc-c,103,179.55
c3c887cb-a,103,348.31
1af0660f-c,101,301.91
5e6ccb0a-7,102,227.08
18cc36c2-2,106,330.53
306ad08a-7,107,286.47
db0c8025-6,107,130.6
9ca7c504-6,107,465.45
69bcf5e6-c,102,117.74
de178a79-4,107,265.67
835c8ffe-7,105,95.18
14272c92-f,102,101.4
6af45722-8,106,309.63
9229ec2c-a,101,147.6
74c0aea6-2,102,77.64
26a7d768-2,104,407.12
1f8f04df-b,105,173.32
cab96b83-5,104,335.86
774ad254-3,106,110.52
1b7806c8-8,104,300.6
d5175f47-8,105,312.78
d9c29578-e,102,499.91
cd65d18d-a,106,170.31
49723911-b,101,78.11
e124f0dc-9,107,305.34
c2819460-a,101,426.79
3ebedb00-4,106,375.73
6610b307-5,101,163.86
d7790ef9-1,107,203.98
44fb96a5-a,101,145.31
647df5b4-8,102,221.16
a73807ae-d,103,256.42
6406a187-e,101,431.38
134467bd-1,101,345.75
08c3ba2b-2,104,96.68
81312f44-7,102,438
641eeb23-2,101,272.29
57d4489b-e,103,84.09
e61eaba4-4,102,432.25
351120fc-3,104,179.62
d65d0c73-0,107,302.95
d1f197aa-d,103,345.41
650935e7-9,105,167.63
f965f3ef-d,101,436.92
184903ed-3,103,168.92
d0f527a9-b,103,42.14
085249b5-7,101,178.91
1c05ddd2-1,107,322.75
2b0c246f-9,103,123.27
631e9a74-1,101,361.29
c96f4099-4,106,275.42
43c1eda4-5,105,321.92
2b2b723a-0,106,292.11
abcdf90c-4,101,444.49
78a16480-d,104,182.13
5a098fec-d,104,412.71
d3fd1a35-2,101,235.28
441abad4-6,106,309.9
2b2d1b01-d,104,327.07
0a406fe0-9,101,459.22
568ad177-d,105,323
68fb956a-8,106,170.44
d64ddbd5-c,107,354.49
2bdb1ae5-9,107,277.17
02895d3a-7,101,169.69
c6be69d5-3,106,209.19
0e1d89b5-2,106,258.78
3be497cb-0,101,480.49
4eaba910-8,101,465.95
7bfbfd94-7,102,195.8
099b46cb-1,106,100.78
a9b57c56-1,103,31.79
36f6022c-6,106,493.53
10fcf229-3,103,190.3
de5e986e-7,104,22.77
26b61a09-1,101,307.9
1d3bb5fd-9,103,150.05
0b938bcf-d,103,347.71
8d5bccd1-3,103,136.24
6a9e51ec-b,104,146.47
25458e74-d,102,448.81
b33afedd-a,105,286.12
cf11150e-3,103,308.37
84c9273b-5,107,286.47
d986c065-8,105,350.59
2c14c5cd-a,102,254.32
18df8182-6,102,297.32
ec20f7ba-1,103,219.48
f367ee26-d,105,134.52
4d872e66-a,101,34.07
0b9b177e-a,107,339.21
63799771-c,107,335.09
fb8a4697-5,101,338
3b188e25-6,103,348.31
d68623f3-f,103,357.9
5e4309df-9,101,27.03
cb932ccc-5,105,465.64
e594132a-a,104,416.88
a0b69e5a-5,104,170.97
db38b528-1,106,460.19
e75ab5dd-f,106,327.39
cae07d8a-c,102,451.34
0de2edaa-c,106,297.02
ba2c4d0b-b,104,359.48
d1ea2388-0,104,105.45
9964a78a-f,101,30.46
1bd34f46-f,105,247.76
5ade36b9-a,103,260.81
b83f2b71-b,103,21.41
06b65d09-0,104,27.13
036f2fe1-2,102,304.86
74744f71-4,105,69.37
89625cd3-1,102,50.93
ae8d3eae-6,103,337.58
210baeee-c,102,252.65
840db3df-5,107,400.08
36e9439c-e,106,320.67
ad73b872-2,102,427.29
83292e34-7,102,396.76
86a55194-0,103,61.37
ab4ed7ce-a,106,200.57
aaefb8df-e,105,457.69
f07e1c4a-e,101,56.97
99c19952-1,102,289.27
093ae015-8,103,365.26
081c5408-8,105,44.14
6f9c6a73-0,104,32.7
2c6437d5-0,102,223.04
8d8504b9-2,105,256.64
1943f09a-4,101,82.48
8961518f-6,106,493.82
1bb48f49-2,106,430.5
ad3dd065-0,103,12.1
23e94b32-e,101,474.41
9412f332-b,103,243.52
d1db315e-8,101,394.83
cb403165-3,105,175.86
4068c6cc-f,101,237.77
759b4aed-d,105,143.21
f8103189-a,103,222.65
26b7a7e9-d,101,348.18
e66a4d85-4,102,152.52
79a3bbca-d,105,448.26
0c60ae4e-f,102,459.22
16aa4a41-3,106,432.11
e53da9e7-5,102,320.98
1d60b62b-e,101,104.47
13d2a56c-7,101,249.4
16d121ec-a,105,39.02
b80cc9c3-a,101,185.53
f7e0f6f0-f,102,463.55
efd11390-1,107,277.05
19603713-f,101,159.03
7c2e02c5-f,106,53.69
e359b315-2,101,350.46
42fdf304-9,101,358.64
9d0e8539-f,105,33.8
f0095bdf-b,106,188.8
c0ecbccc-e,101,178.75
10c04914-7,103,185.17
5d4c0577-0,101,417.51
58aa2a00-6,105,407.59
575b7120-d,104,230.14
e3135ee0-b,104,207.06
dcce0ed9-3,107,166.69
2e82b12b-e,107,476.53
9083dac4-8,104,420.41
a9b75daf-4,105,408.9
9b2eb9f8-b,102,311.9
a604afd7-c,107,160.11
98bb0634-3,103,100.64
4c5d05af-4,102,79.12
10f9fb68-2,103,115.23
b8265a41-6,102,212.08
3ad00ebe-5,101,25.95
61a89e00-6,103,336.87
5c344e7e-8,104,43.47
fdb8a7f4-c,107,185.53
7586ecdc-5,102,483.62
1bbfa35f-1,101,30.28
9c4d9173-9,105,482.52
3a0742ad-c,103,359.32
80655c44-1,103,386.46
fcd5caf1-3,105,36.34
c1a2396c-c,103,328.64
bf0e5aab-7,106,141.52
ae8de22c-f,101,310.66
a4397891-6,101,311.01
0e60eaee-3,103,60.79
2b2e8a4f-7,106,252
023a6d02-4,102,213
d41b9799-8,107,191.77
ec04ee8b-b,102,239.31
58f0bb2e-0,106,212.42
3f5fd069-8,105,209.08
634aa8eb-d,102,394.82
c11cf3e8-4,106,305.94
27d825b4-e,106,390.66
0a113398-3,104,402.97
06506e6c-8,104,280.99
dee40ad7-9,101,309.55
bd32ad96-9,104,471.41
ad922c38-1,101,46.48
253d232c-e,104,338
0e16bb68-d,106,171.64
6a198ec0-3,106,488.06
a80e01a6-4,107,334.67
87786ea9-7,102,448.02
1f7ef990-f,102,424.33
9febb427-c,101,56.69
87f0d140-4,101,431.13
c756485e-5,102,353.93
7c8cb492-9,103,54.61
bf6ca00b-4,106,90.79
97f6e07b-a,104,424.21
c46ba7fb-a,104,45.8
d00045a5-7,103,301.6
ecd83830-9,106,241.97
91e28e7b-b,105,335.84
68c330d6-1,101,317.46
8a241150-c,102,53.79
d3076535-1,104,459.39
e0b93f87-1,106,175.33
956bb0df-7,104,69.77
5dfd69d9-d,104,157.11
df2752c8-3,104,102.7
2f19e634-2,102,312.85
75c9c188-a,102,317.59
eff5b46d-f,104,218.68
e436cd21-e,101,56.45
7d443016-7,104,85.54
c6e8e685-2,103,200.44
7f815c17-f,107,132.23
41de6e0b-3,101,217.61
921d4f13-4,105,227.44
8432da61-7,107,154.15
d19df4c1-7,105,19.42
eb72dd01-6,106,423.01
4fc43503-b,107,352.47
5c194e4d-5,105,323.85
8583655b-4,102,96.34
77eebc88-5,103,11.54
dc145f91-a,104,376.52
75d4498d-1,107,258.91
4aab29e2-f,101,209.44
aacdd2c4-c,104,489.9
d1247110-6,104,371.81
8227ea90-9,103,40.04
4a86d1fb-3,101,384.6
2f32fabd-6,105,259.47
8b31adf8-f,101,483.34
cd056501-f,103,253.19
2c009751-7,103,419.4
c3862bfa-7,106,245.52
f2a45064-4,102,280.31
7deb0c35-a,101,67.67
3f2757b0-5,106,364.44
b072608e-d,105,44.29
d86224a6-5,104,461.31
c157dce7-a,103,473.17
c77431bc-6,106,133.49
680206e7-9,102,430.32
35c9ea9d-e,101,466.36
8298b8bb-a,107,274.4
ee387572-7,105,29.3
50e481c0-5,101,122.96
17c41fd0-2,104,333.18
d831b4b9-c,105,221.69
889d5066-d,103,250.53
903cb2e0-3,107,135.86
e39375fe-c,107,225.4
7121fc95-b,105,172.45
adfc7a07-5,101,89.42
a55367ed-0,104,488.14
efa8cfb9-7,107,107.61
925e172b-3,103,463.05
b52f485a-a,105,304.57
4ae93dc1-f,107,32.78
e4c4fb8c-b,101,56.83
edb15fad-1,106,158.57
5c4eb084-f,103,251.72
51a993a4-f,104,10.09
228f3945-3,103,303.28
7c30f0b9-c,107,312.92
319ec9d3-3,106,402.85
8701783e-b,106,70.44
d8d5bbee-a,104,181.51
9bed94c1-4,103,448.07
cdb2d37a-5,105,211.53
fd629be3-9,106,196.14
b7c4ad12-d,106,295.8
9049ae69-3,105,362.26
6acff5a9-7,101,188.56
6f64c12e-e,101,308.79
5055970f-f,103,53.1
c21445bf-b,103,204.25
e6dbc8e3-b,102,117.23
3e468113-f,106,156.3
76aa1ea0-8,106,486.62
e94fcef7-e,104,221.1
96dad3eb-2,104,377.15
402f8310-9,102,198.3
cc29b70c-9,107,450.82
564328a3-b,104,214.8
d041bc6d-6,102,178.58
190f2c5a-4,101,237.9
d5415a88-b,104,34.93
31b244c4-e,102,64.64
3154eee7-f,103,170.08
a5cfe885-e,104,276.05
39fae33a-1,104,48.61
d44a2095-d,103,367.32
939d5107-f,107,34.09
364eca44-2,102,468.37
0a7f521e-d,104,358.01
d3cf0826-b,106,131.56
1f32d8cc-c,105,123.61
a99dea2b-5,103,263.15
d8eb9263-5,102,333.61
38cf2d1c-5,105,285.17
4c7f1e50-b,103,494.04
842ffe80-1,102,405.3
293a38fe-d,102,450.5
37d5ff11-d,103,342.2
b1877937-7,101,141.64
a700768e-1,105,420.46
1e2d8f24-1,105,154.85
a2638fa2-0,103,14.98
2dc07f56-1,107,222.53
531dde67-e,107,469.59
8546c4a0-9,107,159.68
56e92b46-5,102,332.28
b8db29c2-8,102,43.45
d36761e5-d,106,189.9
54a76b2a-1,102,469.25
cf82e4f9-e,106,176.77
8df2d84a-8,106,50.18
7ce62017-e,107,472.29
570d72b8-e,105,168.18
3230bb6d-2,102,302.29
cc0deb02-8,103,229.69
a4d482bc-d,101,39.88
23f814dd-0,102,487.58
26fe9d8a-2,104,435.68
8851dc3a-b,104,246.05
8c3a1e6d-f,103,354.39
c908ffae-d,106,429.88
1204b685-8,104,382
cfdde875-f,101,358.92
6bab26fc-f,101,299.6
fe92f8a3-b,104,399.82
e33efac7-7,106,493.1
f01054be-4,106,367.95
b41deede-e,107,24.9
08e2216f-5,104,271.48
4f2ee81f-b,103,196.43
83154e70-7,107,158.88
82a78612-e,102,79.33
434c53a0-b,104,82.45
42d95dd7-9,104,120.64
76255c12-3,105,41.21
bac908ce-6,104,57.34
53007736-c,101,339.34
e61f1ff4-c,102,204.21
a536d3c3-c,103,338.65
ce2e6997-2,101,489.79
59529419-b,102,109.25
cb7235e5-6,102,51.45
bc9dfe4a-6,107,335.99
0950f467-5,102,330.38
69c85c6c-4,107,131.14
19394d50-9,104,70.91
06057d1a-1,102,60.45
9f25d201-2,104,15.53
3f521c90-8,101,73.02
db03816d-5,104,145.2
b5b87c28-8,103,169.63
b6a495f7-3,105,298.89
88463def-0,103,44.62
cd387cb1-7,107,141.65
d434ef75-f,104,68.93
5c71109f-d,105,466.55
1a4d08fc-9,105,363.65
69e5ece3-0,107,332.45
a0aee878-0,104,70.54
dde8b508-8,102,419.78
78c2c072-a,105,229.55
18dbb72e-4,104,352.62
f9e78c04-0,102,291.47
bab0e53c-1,105,283.16
d8f5d269-b,103,191.38
3d9f2988-2,103,342.06
17e4ef98-9,104,161.34
eca7c8f5-7,101,65.76
b25e6146-5,106,479.55
873a1c84-4,106,38.91
f0aa6c04-d,104,110.36
f1d4ba1b-c,107,249.3
24762d59-0,107,211.9
99bb9054-c,103,442.51
2ae18f21-9,103,315.06
2a124c4b-6,104,343.3
96122269-e,107,283.44
c7e00823-9,106,370.42
b902f571-4,104,196.54
1251f351-5,104,135.73
0de4281d-7,102,129.34
27bd0cd5-0,105,35.85
43adcdc7-3,104,247.91
7ffbe709-f,106,343.77
4c89d93f-f,106,219.9
af4922af-0,101,111.63
097b7e8b-0,107,12.81
d4f0c64c-7,103,42.07
506b541e-e,105,12.31
d22cc472-c,103,117.78
c5a7acf5-b,101,139.02
033b7ee6-6,102,470.95
6a7a39f4-6,102,219.54
e6656e33-1,103,121.26
67eaf6d5-5,107,247.73
ca4b2436-d,105,96.82
5d23a21a-a,103,62.47
27c69f35-a,102,367.66
4a2530fc-2,106,349.25
0e7f9e8d-a,102,130.8
8144b8b1-3,102,186.72
12685d60-d,106,364.33
6cc3bafb-d,103,442.58
8e083444-0,106,114.99
d6bdabc8-0,106,239.96
ef3686c3-d,106,105.15
78d1d70f-0,102,169.17
e812760e-5,103,102.19
dbd440a0-a,102,448.45
af9fe8b3-3,106,253.96
5461a379-b,105,11.78
47a3946a-3,102,369.37
a5869197-0,102,428.52
de597029-b,105,381.47
523ad572-6,107,414.58
b5aadce1-c,102,49.72
2.44E+04,103,51.29
65f8d376-1,101,309.46
e139b477-2,104,313.73
20c97f3f-3,105,272.64
5bcb7043-d,106,267.6
2bed8c90-3,104,498.34
af4eb230-a,103,161.07
cb999c1d-3,105,282.59
f4a3e8cd-0,106,270.51
87e3f91f-e,104,486.77
499bf772-5,105,70.29
9f3b277a-9,101,286.09
df454d33-a,104,15.28
ad544888-c,103,493.29
0461bb46-9,106,499.03
ec298b70-1,103,55.74
b06f4427-0,107,39.08
d6fd4ffa-b,105,184.5
21e66fb0-8,101,23.78
1c5dc486-3,103,305.11
b9a0b553-3,104,70.75
527c6afc-d,103,47.82
29fd9f4c-2,107,315.17
9dd6fa49-2,106,391.15
fa9b0c94-c,106,208.82
898d3b83-7,102,167.14
3bac057e-7,103,103.58
4c32a366-9,102,330.62
a599e26a-7,103,332.62
2d6d02c8-3,107,378.56
a57d6d95-d,103,316.26
9f8a2ddf-4,106,342.44
1cc77022-7,104,397.84
1754a1c2-0,107,108.21
39dbd736-8,106,18.66
75b4dee8-f,104,409.47
21cd54a6-b,106,173.97
fe8c0849-5,104,168.6
40253e54-c,106,339.21
bdcbf1db-5,107,285.03
3aae97ce-e,103,248.35
397a849e-9,106,457.3
5e8d2fa4-b,104,473.99
fbe0711d-8,106,374.73
f48ee0b6-4,105,98.06
3153fc70-c,101,96.7
df647eab-1,101,242.2
1094a34f-c,106,68.81
06e64a6d-9,106,279.24
5256329a-b,107,157.2
94d1d4e5-8,101,100.84
346ca473-d,101,475.29
c0b2e627-a,106,354.3
e86bbd6a-c,107,411.94
9e362869-e,106,394.76
14f61c03-2,104,145.13
d415a5a0-0,106,357.28
13e61b83-0,107,471.26
0a207bc4-2,106,266.52
966fffa4-8,102,424.42
73b70ac2-6,103,340.82
e4712712-5,102,14.61
1be08cb5-0,104,361.82
26f79595-6,105,408.43
da3142f3-3,102,298.3
1c112403-d,101,107.22
ea327b14-f,105,62.65
b5f17aa1-3,102,388.74
27f8c0d1-a,107,170.72
616ab617-1,107,427.8
1db0a0d7-d,101,172.15
a45383ed-9,102,123.37
36253681-2,104,395.77
5211bcb4-4,107,326.73
936b1b79-4,104,196.18
45eb8579-5,106,355.37
3df45155-a,104,72.64
7b21851a-f,102,94.64
6f35afb4-0,101,363.85
3b81e1b0-2,104,182.2
6f80640c-e,104,114.15
c92cf5c0-2,102,135.7
dd4ab37f-9,104,421.02
9f50736e-b,107,476.41
d6e2737f-c,107,92.19
8b9e7563-e,102,258.6
027fc4d8-d,102,154.47
e31e4665-3,103,57.82
6bcafd23-8,104,493.56
94db1f71-4,103,92.41
468410b1-b,101,433.77
523b5770-d,101,368.86
c86217cd-2,102,227.2
a7f2a6e5-d,103,167.04
916c2bf4-7,104,129.27
f412ae56-7,102,434.22
89e30633-9,104,397.35
ab9809e2-9,101,116.85
8b6956ef-0,101,356.66
e2ea7af7-9,104,202.5
6ab73ad3-c,104,373.86
a3592481-b,102,247.81
87a2c25d-1,106,298.05
03645f13-2,104,364.54
81601d96-c,101,48.49
6b482363-8,106,270.36
62f53ba1-6,106,279.37
1a2c6fc4-3,101,235.71
3c244368-d,101,358.33
7cd8f2a8-d,104,62.99
516465df-c,101,108.95
4c20f3a2-4,102,321.56
a3bb0ee7-6,101,271.59
8fb834c6-d,105,498.73
c7432ae5-d,104,135.77
b4683e3f-5,106,341.68
c6678dfd-e,104,187.86
d1a4dd43-b,103,273.85
05276afc-4,101,359.75
d0feadab-5,101,497.98
b23e0152-d,102,191.08
fd3499b4-a,107,425.53
99c4efc0-3,101,116.19
590b8280-4,101,365.32
f007440f-4,105,12.56
0afa4ac3-f,103,133.11
36d673d6-b,104,415.94
2ab88ed7-e,105,57.71
ede349c0-3,103,51.09
fc66d1b9-d,105,480.65
b34b4437-c,106,495.95
6d0c7871-b,106,55.64
0c788a9d-f,104,244.52
df7fe53a-3,102,485.72
cd56e7a6-9,102,152.19
fc24fdb7-0,104,481.03
99312242-3,104,74.24
04e031b4-7,106,108.12
ceac98df-1,106,418.85
bd178e35-6,101,323.61
5933b2dd-2,101,473.15
4ecdcc3c-d,107,439.29
fde4af99-e,107,415.71
ce8d953e-0,103,197.33
74f9d647-0,101,488.2
54c6c382-8,104,238.75
4ae6e368-7,105,37.22
bb939790-9,102,478.77
fd5ff259-b,102,441.14
45a890f4-2,103,209.12
ab4b088f-1,103,71.71
edcf8345-f,101,213.18
4ee44cb9-b,104,417.6
ac890a55-a,105,347.93
b7ddde9c-d,103,431.65
0b325fcf-3,101,212.6
e9916462-0,106,485.75
2a8e2f78-1,107,230.19
062b2e28-5,105,90.16
e80188fd-b,103,361.98
5ee2c43a-4,102,404.79
a0ad1806-c,105,256.82
791f0dd9-1,101,442.96
8bf6dbe2-e,106,32.72
4d852084-c,106,90.24
705d8bd6-e,101,117.91
d14ce47a-e,104,389.12
fa938c93-7,104,450.24
0a815ba8-4,105,329.33
0a39160c-f,107,344.85
2c770b54-1,106,343.88
1eeee585-b,105,423.67
1a8229ee-a,104,16.99
bac7facb-1,105,483.73
cc0167d3-4,101,245.8
3f842f24-8,104,55.84
cd6bbc83-e,106,390.3
d7510d30-2,105,147.52
85f214bf-1,102,493.32
ada798d8-7,105,110.72
fc0f7387-2,105,164.11
7b620e7c-8,102,282.41
5e0804fa-9,102,139.5
630e08f4-d,106,413.16
9326646d-7,105,37.42
fc1ec9e9-d,104,464.57
5c071a3e-3,107,57.23
eb2fb3d1-7,107,254.76
fb339072-0,102,59.22
be87620f-9,103,219.74
5b7987b2-2,103,452.36
6a90f71c-1,104,269.81
6c3e6be6-b,107,325.14
34578a9e-2,103,439.39
38f70e29-6,104,429.22
d45881db-8,102,220.71
16fda4a4-4,103,12.15
3aa04295-7,106,348.91
080a1588-6,105,176.27
e01a29bc-7,104,115.08
7f4e3932-a,103,442.08
934af6fa-9,101,289.28
713d5f95-d,105,321.34
35bf1d25-e,103,73.18
e2cad399-f,104,14.65
fd62a479-8,102,166.33
af094393-c,106,368.81
49d274a9-8,101,140.52
0e29a6fa-2,104,468.38
14634891-f,104,424.75
921cad79-9,106,367.63
6eed063d-8,106,269.57
76d6e659-f,105,168.68
4c54bc3f-1,104,291.45
9a339c33-e,103,256.77
6a8083d3-7,106,477.27
4e37126e-2,104,344.29
ab0bb71f-3,105,347.22
6e814027-4,101,100.75
c57a437c-b,106,464.61
6b72dfda-c,102,30.49
d289d18d-5,101,331.13
be1966eb-d,102,214.77
e0798a1e-4,106,55.69
1537c930-7,104,240.01
0ec45da7-5,107,151.5
5968e23a-f,101,82.55
183d23fb-b,105,161.32
4ce71e3b-1,102,255.65
b5f6a3f5-4,102,14.37
b376b897-5,102,145.14
337e0f42-b,103,447.34
e0d9a8f7-e,107,41.41
c9ab8562-0,107,469.59
3f9836de-1,101,138.81
71a834ba-5,105,152.35
13bca435-3,105,391.14
862a9954-7,104,264.31
eb3a18a3-c,105,94.05
05b50e6a-0,103,132.08
6492654a-a,107,410.94
b848fedb-4,104,299.69
74a1e24e-f,105,260.56
da7b19b9-e,102,92.61
9.11E-03,102,373
06b288a3-1,102,424.68
2cc466c8-3,105,105
c8dbe801-6,106,26.92
1d6ec559-1,103,26.81
0879e7a2-3,101,333.98
21f1ffb4-5,107,381.69
909e867e-a,106,212.65
974faa53-8,105,375.68
d4274eed-2,107,38.74
ed5918a0-f,106,185.13
65d571aa-f,104,156.51
b71df685-1,106,106.27
2d2a8bb5-4,106,137.59
b9f308d2-3,103,38.62
bccfc6f0-b,101,316.12
44966d58-e,102,118.28
9a47068b-3,104,120.16
5a8fe0a0-4,101,286.23
fa789197-d,106,334.87
8bf1214c-c,105,79.07
c5e4d064-f,104,248.07
c4e3be90-8,105,158.66
5140fdf2-0,101,233.88
b1aefea9-0,105,324.33
3c274f70-1,101,416.78
7d22dcf8-6,102,163.98
41474000-7,104,462.11
e957083c-5,106,441.45
d81f1f28-e,107,50.81
0fcd357b-3,103,341.92
d30ee264-9,103,182.16
d2e653f1-1,105,436.44
bd0ad888-8,104,179.26
74ebdb33-e,104,471.43
3cb64c8f-3,107,431.46
b87d7e2c-3,106,230.47
891e3976-2,101,421.62
d52923e3-6,101,308.95
273ce285-f,105,187.72
a60cc9d5-b,102,273.34
c562dbd0-9,102,469.76
14c148fc-3,107,46.25
0983e6d6-b,102,115.88
49360ce8-1,107,144.04
7af8b67f-e,105,461.93
004ae9eb-0,107,68.08
9cd2cba7-7,106,156.47
2d07d366-7,103,489.95
74577e64-d,105,403.62
8289aa1a-7,104,175.16
9b4f9de2-1,103,481.16
73b63a9d-3,104,182.13
a23c4e84-f,105,289.48
af7bd15a-8,102,154.02
1fff4ff8-8,105,298.47
817c1d74-7,104,119.15
19592ee3-5,101,328.87
84844630-e,101,346.81
c0cc6bff-6,105,210.37
a64f4cc1-1,104,352.66
c434508d-3,104,127.78
34f01a02-c,102,61.37
8ab203ed-0,105,76.8
6ffe0b61-d,105,158.42
482d9eb4-d,106,349.16
668aa034-6,101,319.98
aa3dbf64-5,101,276.08
50889b27-f,102,324.41
b683ba73-5,104,421.16
d45b8dc8-d,104,106.66
4f7e965b-1,104,174.43
787ca917-e,106,250
e80edd02-2,104,480.82
62b4ee7a-6,106,187.84
6b55c0d4-0,105,315.54
da046af8-6,101,186.17
d166d0c2-a,102,204.03
8da332da-a,101,229.52
79dc5c00-8,105,130.16
0bec836e-1,102,470.92
0b8e93ab-1,106,367.49
0aa405c8-b,101,41.11
a839d7a6-0,103,276.12
4b7aeeb4-d,103,268.14
9248f11b-8,106,108.07
4284ba03-7,106,124.29
4096a452-0,102,53.55
03504d8a-d,106,149.82
a38fa435-4,107,122.81
748793a0-2,102,147.44
117417c1-9,104,71.51
731bb929-8,102,162.81
5beb8bd2-0,106,182.35
dc3598ed-4,102,334.65
c850d4a5-9,102,15.45
3ee7c3f5-1,104,134.04
6e5a726a-a,101,432.41
b9394d22-4,106,100.72
0903f466-f,103,70.94
ccf9f689-6,106,62.19
31bc3b59-3,105,330.53
708ecda7-d,101,463.2
17c0c091-5,101,11.94
1dd30373-6,101,193.48
f9379563-e,106,19.09
2dd1d448-8,107,194.92
f3a1636e-1,107,336.27
97e677cb-6,106,469.29
eb1479f3-f,101,15.8
0b599874-2,105,30.81
0fc0a3c3-d,104,137.04
eb6be1ca-1,101,316.1
66c83748-3,101,306.26
7de11438-b,101,134.53
0c98dbfb-1,106,426.71
67dad671-2,105,56.51
8ef678aa-9,104,278.86
a49fddcb-4,103,471.77
1ef0156f-7,104,292.74
2f9f2265-e,102,368.17
73bd35e0-1,102,313.85
34e02965-3,103,107.27
2c952a50-4,102,394.07
99f2f294-d,104,414.68
de463b7d-8,104,124.21
ad7ec721-9,105,205.1
6b20bcd6-4,101,249.81
1155fc55-5,106,54.3
1ceb87ae-e,107,255.6
26be4ef8-4,105,491.18
427e49a5-7,103,463.69
73cded42-c,104,96.86
5adb772f-b,104,180.91
a371102e-f,102,170.46
e88dc97f-5,102,492.41
1e61b452-a,102,191.05
bbc7195e-8,105,224.84
c7dba5e8-1,103,130.19
5ce04406-8,103,132.67
f825c098-f,103,296.84
d2c5913e-a,106,254.11
de19ae1f-a,104,273.03
46af5cdd-0,107,433.48
a135c362-c,102,119.22
7bc64761-0,101,83.14
7da00e52-a,106,469.67
090421d9-5,105,89.73
55b6d10e-3,103,154.93
cafa45f9-e,105,422.91
bb656f87-5,101,191.22
ebfe5119-f,103,282.3
3825f76f-9,104,473.47
bc84ed28-8,101,401.02
6b3feb11-d,105,212.45
f10f6e27-5,105,107.85
3df02c31-e,101,299.44
09bfc749-2,102,180.07
e4637676-9,104,26.18
4885fdf1-e,105,41.5
50996230-2,105,487.32
708ad704-6,106,171.89
d29842bf-5,107,310.88
3a3431c0-1,102,462.61
fac92d7f-e,102,278.52
1fb11b6f-9,105,162.92
a2f9f3e2-7,106,172.7
0e8cfebd-e,105,46.11
5d9ef960-1,106,471.76
5f71ad74-e,106,263.49
ad3c9d8d-b,106,30.52
f580de18-9,103,143.49
02b3f5ae-b,104,21.3
2d8544d7-8,107,271.54
b9507324-c,105,292.99
bc3a7a7a-1,105,119.18
46067a09-f,105,393.18
1d980ea4-a,107,110.59
09a09097-c,107,488.92
49908afb-9,105,428.84
aa684113-0,103,231.78
9675e013-e,105,118.57
4ee8e600-b,102,393.1
b8eabdb6-0,101,384.99
1202fac1-8,102,171.84
07c8c702-1,106,264.13
ee5461f9-5,104,109.89
6a51da27-0,104,447.8
c06702ca-7,106,204.93
1c418a9a-f,105,393.43
5c275a49-6,102,425.7
36c32f94-e,107,128.88
e9f16b04-b,102,407.36
1913b9f5-f,103,415.44
c5776e2b-0,107,333.31
bb2afb7b-9,101,17.86
0db55b23-5,106,14.23
6dd643ff-f,101,336.97
89c2cf5c-5,104,214.24
3c2c7bd1-a,103,330.88
8d6a12a7-0,104,373.59
a463e1e2-5,107,117.15
e8bdd051-c,103,267.5
c33a593f-6,105,444.15
9df55aea-0,101,135.6
230d9649-c,106,70.14
56e22c85-1,102,155.81
fb547ae4-7,105,313.29
81aa1299-5,103,478.62
d0e09be9-c,106,175.5
1626312c-c,103,90.76
aed2d726-1,107,323.21
f9a4c648-b,101,145.89
55781174-b,103,56.77
ae06fbe8-0,102,168.31
594ef637-c,102,421.59
ce5bfe4c-0,106,144.19
8e83d866-a,104,479.32
02cefb6b-a,102,330.71
6dd487cc-4,104,217.35
65c19c36-c,105,193.15
9b5e7055-7,103,352.6
3e65294c-d,101,376.39
d45c3dfa-8,103,498.58
26348ec1-0,107,469.47
61556376-b,106,55.95
4e670a5b-8,101,334.08
0ac98a57-a,105,144.67
003d1f09-c,103,181.21
0595e396-b,101,273.16
ea6be03c-9,101,361.24
757cdf83-b,101,353.7
5a4aba10-8,103,373.65
c54c70f9-c,102,361.48
a567dafc-5,106,296.22
fdcb2e14-f,103,48.52
8e910cce-9,106,262.23
3003f89f-c,102,243.84
7036a176-4,102,41.68
00b3c8d1-b,103,480.84
bf26daef-1,106,488.06
2cc13aac-d,104,91.27
7c7054b6-b,107,18.15
6e609028-f,103,33.14
7e940f3c-8,106,392.77
5ad070b1-8,107,279.96
24cde985-c,102,408.64
67d7c91c-b,106,491.7
20c99ee6-7,102,260.12
f0b7f510-3,105,455.77
e18a5897-c,107,55.31
ab613eea-c,101,261
7f0a5173-a,103,255.6
c8df4458-3,102,173.69
2cf0d432-8,107,394.9
bfd85ecd-1,104,29.46
e5714c84-9,107,273.52
6a06a69a-b,105,56.11
ac7bf91d-0,107,42.89
12ca96d3-8,107,92.47
6f3a6478-1,105,64.22
8ef22240-7,105,119.63
ce0d6be8-5,102,357.91
1005ef1b-8,104,81.78
2bff9cc4-4,106,18.63
9f6995da-c,107,249.98
c0062d3e-a,101,131.33
819cf080-c,103,430.99
3907e89b-b,107,382.07
8ab8122b-7,102,177.67
b5f03124-1,102,385.62
81792d61-d,102,94.33
5b4b2513-5,104,403.54
62fa448b-9,106,301.37
a076e727-e,107,102.67
85ce9a52-3,106,457.4
13c71160-0,104,203.25
aac59317-7,103,221.76
6e2c6f03-9,106,105.25
0907acd4-7,106,125.71
7439579c-8,102,493.99
e4c206e9-f,101,158.67
1e6bef43-b,105,139.01
8f262ef1-f,107,186.37
bb0b56a8-0,107,398.89
c65f5cbc-4,102,15.38
3ce3e465-d,105,353.97
0dba9639-a,106,190.88
8.63E+02,104,470.18
ee1c7116-f,105,184.21
339b8269-a,101,31.22
bb49caa3-2,105,376.89
bf113b2f-5,106,213.59
6ad232d8-0,107,147.85
8adce88d-f,104,281.71
825343f1-0,101,57.65
860e5dd3-0,105,458.91
99ec5f3d-c,107,173.36
9eab942b-0,101,250.91
ec854f0f-d,102,410.07
ebe8b43b-c,105,318.02
828e8cf5-8,107,291.23
f0fdca6b-4,101,254.27
f852678c-a,106,235.02
d3a06e65-a,105,266.65
d587cd2f-2,105,228.28
d8519efa-7,107,286.86
5aca3424-d,107,235.82
ffb9c83c-f,105,418.07
fc9b7220-8,103,137.79
ff1218f2-a,103,397.37
7c966874-4,101,306.61
0c723758-5,101,476.73
4dad1419-5,103,233.8
c8128ce6-f,104,372.91
3db407ae-2,107,203.99
7105de94-6,103,135.87
8be86f7a-9,104,210.69
50c30ff3-4,106,55.36
fd65745e-3,105,392.88
57b42657-b,102,297.6
9d5fbb5c-8,103,149.91
c4f93075-e,101,484.14
d9ac2b55-c,106,453.99
ad17107c-3,101,324.68
43f505c8-6,107,37.39
c2b44056-b,106,410.07
13741e7f-f,102,323.65
bbdc6651-3,107,165.56
4ce5173c-6,107,221.03
25583753-9,106,51.27
272f1feb-4,101,51.31
81bf8c6c-c,106,235.35
3d444ba2-6,105,462.66
58741ec0-3,102,67.02
6a975f71-2,102,457.96
3f87a674-e,102,215.06
6e039e31-8,107,49.79
d57ebdfe-f,103,71.25
b5cae03d-2,101,47.04
56b1fa03-5,107,250.1
786e085b-a,106,333.61
5be334f3-b,106,41.85
143b0a24-6,106,94.11
2902da20-1,105,486.05
772798f1-d,104,293.03
965ef4ce-4,103,274.85
ce301235-0,105,187.3
94586749-1,107,297.32
3f4e0fd0-3,105,55.9
9b3c5c8f-a,105,404.85
51714cbb-3,101,39.82
970d3f0c-a,105,259.65
ab34f455-d,102,29.8
df56e5a2-3,107,352.73
6d0321c6-b,102,265.73
0ad41cff-3,103,25.94
46cc5efc-9,106,315.53
e9b42654-9,104,96.8
3a45b287-4,106,229.13
6d122b75-8,101,119.97
73db29d6-9,102,250.45
b36687ef-b,103,168.44
a33cd9a4-a,103,103.8
2b4369eb-8,103,52.94
2215cddb-3,105,368.07
85693781-a,104,135.49
40c78e8a-c,102,404.46
c5bb69e8-1,107,477.36
7e201cc8-0,101,187.4
1ddb4839-f,105,415.48
1b774792-1,106,138.62
3fffc757-5,101,10.33
0c531a40-9,107,423.28
13733608-4,104,372.63
efc23d58-a,102,441.72
c98f8347-4,105,399.38
257bca99-8,102,428.53
e7e972e1-b,102,308.6
aea633be-6,103,452
638f689c-2,106,233.42
452b4ded-0,102,24.55
7f84540b-f,107,196.1
5a1355a8-c,103,227.48
4635b113-8,107,318.83
54dc6586-b,103,186.5
9c03e74e-5,105,141.28
d903018d-c,102,121.13
a955efd5-3,101,87.7
5cdea072-d,105,247.3
7226de32-a,106,10.82
1be63723-a,107,200.86
ce70b83a-b,102,32.66
9c22d058-e,105,498.59
9c80f68b-7,102,276.84
eaf0bd4e-6,104,62.2
9823aeae-9,107,75.65
34b2c858-e,106,442.91
08be4b5f-8,107,205.35
f07dfff0-3,107,370.3
55767258-f,103,251.66
f83c9a9f-8,106,467.8
2e319782-b,101,428.97
f5406e9f-0,101,479.89
9d2666f1-9,107,451.74
bda21a04-9,101,189.54
4a7d5999-0,104,61.47
e8d63fa7-6,106,406.13
d6d06f86-5,104,233.79
7baf5c66-7,105,117.37
7521556b-9,102,146.37
e720ba94-6,102,262.71
887725db-e,107,374.98
c364eefe-b,103,206.92
e63d4065-9,104,126.06
9d783d45-f,103,216.8
13f8e517-6,105,48.15
7af7b6b9-8,104,339.34
d1980e92-c,101,130.51
95e0e113-3,105,58.82
baa2239a-2,103,440.49
c6712c79-0,102,216.4
074ac86a-e,102,44.95
1840b0df-0,107,284.9
970c7b44-e,104,407.75
c24d3b93-9,106,28.94
fc58d2fa-b,104,279.34
17e7359b-d,101,403.49
f70dd60a-e,107,266.16
203b195c-f,103,59.11
503beecd-3,102,492.24
c19b4c84-1,103,181.73
66dbeb49-b,107,362.98
e4ea1690-0,106,164.7
2e17abb5-e,103,469.41
59dc4ca6-c,106,357.41
a4744089-d,106,446.21
6f13d2ba-3,102,170.8
26a6952d-5,101,122.58
98fa1373-2,106,493.51
50abae2d-e,106,278.5
ac86b890-3,106,176.59
76573101-d,104,72.08
6aedd577-8,104,497.92
45719f00-6,104,333.66
5e4a3b63-e,104,416.11
81356275-a,102,494.49
f1f419a7-2,102,22.12
1b8adf6e-1,103,178.5
60d1aaff-6,105,219.2
c2722564-1,107,310.01
70038a77-7,103,175.18
411d96de-8,104,464.54
f79a86d6-7,101,345.03
5a21c9b3-0,107,269.89
d4e58542-6,107,443.26
ae992cfe-8,107,421.99
a8dc7ad5-e,105,270.41
a654ef13-7,102,245.22
51f64685-1,101,258.5
c336381e-2,105,409.67
d3252599-5,105,135.25
1119a5d9-e,103,323.14
94754bb1-a,106,56.46
fefd3d88-4,102,338.11
bb287ce6-e,102,496.13
3e6d5f1a-6,105,476.97
2f050590-8,102,195.46
a07b6eb7-8,103,200.87
f2efe2c9-0,101,12.7
0f9b23d4-b,105,46.81
3c4e266b-1,106,447.61
ba1aeddc-6,105,236.71
3dd3a0c6-9,102,30.85
309e09ed-b,106,254.08
88a25e14-f,102,234.28
fb27cf00-b,103,286.83
2080ce3e-5,104,266.23
74b9a1c6-9,105,97.64
5421b4c8-f,102,113.41
ce358136-a,101,495.55
15983b6d-0,106,222.65
7d8dd0f0-2,101,393.04
522fb9fb-8,104,196.56
6b089f15-e,101,290.25
7fb86df7-8,101,379.93
61607168-d,107,171.18
1a020527-c,106,149.3
e35274e1-8,102,222.07
5fe8d63f-5,104,52.29
c1ea1c05-0,105,58.85
48aa9a64-c,106,273.13
015db72c-0,105,127.6
e3508600-6,102,82.43
677e9d50-8,105,269.76
04ccaf0f-6,101,337.7
e66c1407-e,106,353.08
ea8fb66a-8,101,436.99
1cf43582-9,105,384.23
6ed09154-a,102,243.88
17e8e153-e,106,261.8
e00ace59-9,105,471.02
31421ef6-3,107,437.56
c48b3198-1,103,433.53
397e3df0-7,106,414.73
4730cccc-1,106,121.2
6ac06d61-0,106,479.54
941bb2a0-3,106,296.45
3baea861-d,104,286.43
fa0af2c6-1,106,143.24
586cb8e2-1,103,313.68
df20c732-7,106,224.68
9c83496b-c,103,232.86
49cf6bb4-d,103,63.37
233f387c-1,102,103.44
48db1429-2,102,488.6
d858c042-1,106,371.23
2883c4ac-f,103,386.7
dadc64fc-7,107,370.53
fb9b8a28-0,107,135.13
f14c6602-a,107,448.19
38ca7a74-1,106,140
b9814c5b-8,106,430.03
5c564283-5,102,478.79
cc4ba47c-4,103,261.25
d79a97af-7,105,444.77
63966cd3-e,102,102.54
7f6bc8e2-e,105,52.51
9937c112-8,102,425.83
81ecd3ab-c,107,455.26
a476f50b-b,107,199.44
965e5e98-c,104,96.61
cb57e30b-c,106,265.18
a18c2dc8-6,102,241.58
d628dc52-4,102,20.79
fc41815f-e,102,52.46
b9117808-0,103,264.94
1791f55a-d,101,190.85
7160c687-8,103,307.03
274655e4-e,104,271.29
a0af3ec3-9,102,394.16
a58f35a8-e,105,152.41
3ffe4523-6,102,197.51
c20acdec-f,101,412.15
49bf1cb4-b,107,389.86
a1fb2513-7,102,235.54
41c59c9b-6,104,227.56
dd69f824-e,107,484.75
27edc33a-b,104,82.9
b4df519d-3,101,17.03
f5d84932-c,101,290.57
2dca1666-7,102,147.97
7af4e869-5,106,350.82
f355dbeb-0,103,315.16
cfaae2b3-e,102,332.54
f9d9bdde-6,104,249.14
f1898a02-a,104,438.9
943bb270-4,104,260.01
68186695-8,104,427.72
2ef7f9b2-0,107,243.29
3b735a05-d,107,360.82
13dfffe6-c,106,426.84
edae5249-0,104,25.36
e9696ff1-7,102,219.93
776fa794-3,107,104.5
a552d4bc-8,106,28.34
ba62c94d-d,104,301.06
383c3aab-0,105,74.9
0fab0af4-7,105,350.21
e5f942f3-8,103,43.23
07df35b4-9,103,386.36
fe974b83-c,102,172.92
35ed32b8-0,105,25.98
f7e31ff0-3,102,435.14
f934d520-d,105,134.42
01d22c80-5,101,296.55
53c83493-b,106,105.52
b18c0e0f-7,103,338.82
0c1b665c-f,107,165.23
e9d5ad81-4,107,384.9
ee2f115e-2,106,423.56
5a620590-5,104,139.84
ecde892a-6,105,492.78
f72e811d-c,106,220.92
28f61b71-1,106,365.04
5cff4a42-6,101,385.34
2531d8cb-d,105,458.94
3a6f68d0-c,105,287.43
dec78273-c,106,383.01
cc2a189c-2,104,62.51
1f5ed0c6-f,104,210.68
b2469e12-a,107,59.48
130534bb-e,101,415.39
2e43f4f8-8,103,323.5
7b06e4f3-1,106,268.81
244356f2-8,107,247.41
16470a66-0,101,142.35
540132b9-4,103,228.46
595ac82f-6,107,390.22
63508b8e-4,107,98.89
25257708-b,101,475.72
1482500a-e,102,312.28
39f3ffa9-f,102,365.44
bd577fc8-d,105,209.3
acd7f9c1-7,103,484.65
3abe5b39-e,102,217.91
a4248d87-7,106,427.63
ba13da59-b,105,390.58
73bd1e59-9,102,90.01
63f3bf90-9,106,388.41
72646c94-a,105,496.31
819f0936-f,106,170.91
5cc16227-8,105,497.95
93d9b420-b,104,208.23
84262d16-1,107,37.82
7f56151a-9,104,365.18
1a6e3dfa-a,102,323.74
b6968744-f,105,61.68
be9d0033-a,104,177.76
57a18d6a-0,107,132.78
562a51c3-c,107,328.44
36e91c9a-3,107,207.86
c30ec252-d,104,494.21
49f5da4e-a,104,356.61
693073b2-c,104,308.57
b79c15f2-b,102,457.38
dce0fa17-a,104,376.51
c883cfbc-e,107,174.27
8f95a763-9,101,89.61
c70d41ca-b,106,457.48
de176f57-6,101,468.83
717ed3a6-d,107,52.31
07874128-1,101,22.6
2d8a8589-1,104,117.78
0e7a2269-1,105,107.72
d593dcbf-e,101,362.7
f303f0e3-1,106,210.86
1dfa2788-6,105,341.41
03a1c4ff-3,104,205.75
bcf95241-9,101,292.11
aa363a36-7,103,323.34
80478563-7,105,168.56
e286045f-0,107,477.51
4fd01d30-d,104,455.09
896761ed-f,105,80.01
bb0bd498-7,107,387.62
f1bc8bc3-c,104,243.65
cb47f33f-8,102,437.91
0d67cfca-0,101,406.83
864a88f7-5,106,259.15
d1eb1bae-e,103,232.96
7d98618f-2,103,42.38
576c73b7-4,102,328.41
a2e789d0-4,106,246.18
ea6832c8-6,104,455.96
21560ace-1,101,331.06
8a46b2a2-c,103,399.06
e3b04091-f,103,364.43
66150296-4,103,275.78
65f9519c-3,105,386.62
741436e6-7,101,468.72
869241b6-0,106,78.92
3b9bc0ec-8,106,430.85
c5d5857f-a,103,331.73
c1fcc06b-8,101,183.74
87ff490c-e,102,396.57
5d86cb7e-c,103,377.73
e9c2c89a-2,105,211.97
dea0d8ef-d,102,210.56
1e824663-0,104,76.11
f6f2dc31-9,105,152.92
7aafb2cb-3,106,373.51
5f579136-a,102,379.29
182d97bc-c,101,185.28
456a22e6-5,102,116.77
3cba2745-2,102,392.84
793513ba-9,104,310.58
1a0925e6-3,102,166.25
868d34fe-c,102,158.02
2efe483e-1,101,396.49
42f0e639-2,107,182.87
408cde63-b,102,449.47
f88ccf3d-d,106,336.95
965b9199-b,101,377
92e681b3-c,102,310.93
db892307-f,105,31.08
58e7f616-5,101,399.88
0b1da022-c,104,60.84
3254a62d-e,103,242.35
7310a662-e,104,42.85
bc200efb-e,105,281.84
b4cfc871-d,107,340.11
5966ef80-9,105,447.4
5fc89cd5-4,106,396.78
3d2f62bd-b,106,226.61
476bde88-a,107,87.03
916e62e8-4,107,11.16
ae245da1-5,101,52.31
2117c581-f,101,106.47
71ec0c67-4,106,67.95
c4f0d6b6-8,101,83.78
9faa3baf-9,107,14.58
26dc7c92-a,101,176.41
ae6b2acd-b,102,299.87
51ae97b7-4,107,244.89
d08d3d0c-f,102,366.52
cd3d6d2e-4,107,195.26
dd0f4845-3,104,320.98
9896c7f5-d,103,380.07
c4ff4b90-7,107,438.61
8e4e44c7-4,107,210.35
84be9d60-f,102,184.6
8a364fb0-9,103,174.34
b1350489-6,106,255.72
3b93ac9a-a,104,25.16
b401dc71-f,102,11.59
2838e610-5,104,446.06
4d52f6d5-e,107,413.4
44b6fadd-b,101,468.35
0d489bb6-4,103,379.45
e8dd4357-9,101,59.58
dfbc899b-5,105,16.47
1967d8b1-1,104,166.1
b6fdbf1b-e,103,108.79
a8f5b055-f,104,92.56
9107f836-5,103,94.31
2cb12fa9-c,106,32.71
8a9bc667-9,105,324.65
d8db72ab-c,104,413.11
fd6e84a7-8,104,449.76
03f0b59e-9,103,340.1
22b092c6-3,103,437.3
5d23414d-8,102,21.26
f2a33f8e-a,106,123.34
cde041c3-2,107,181.26
0708c5d4-9,106,16.56
a1384978-7,104,381.94
ef8797ac-e,101,193.51
631f0593-2,105,247.08
d34a223b-d,106,64.68
a302d39c-0,106,202.49
d9bd76af-a,105,323.03
d1e1c77b-2,104,437.1
e58d1c94-c,102,474.3
5156c3fe-8,106,47.44
c4ade7bf-2,104,126.15
7c202cc0-d,106,496.03
944a7fdb-1,104,339.83
4f3b47d6-3,107,69.19
26f8ec46-a,105,228.68
1ec3ccd5-c,106,498.59
8389d3d3-e,105,452.41
9b35f85f-6,105,493.43
1dc049c6-4,106,90.06
6e95f22a-3,105,84.47
b28687a6-1,102,473.74
e7497b51-f,102,328.65
de8507e5-f,102,416.42
491c3a0b-4,104,359.09
b9d88d0b-9,103,388.74
40b12e81-a,106,147.84
0cae8a46-9,101,255.19
f3b35580-6,105,64.99
070064b0-9,106,49.6
83c49cc6-0,106,118.69
71620d1d-6,105,406.69
3e051cec-b,104,438.95
a2ba75ee-2,101,342.35
281cdac1-c,106,292.38
ecadc556-c,101,183.4
291f5620-7,107,80.88
e385f060-8,102,76.16
f6927a38-3,105,357.6
2fe3a9c8-9,104,169.83
7172d13e-a,102,337.11
9c368955-b,102,50.79
034a06a9-0,106,426.03
b874e454-b,107,128.82
c6c96044-f,103,42.72
02ffd99a-8,107,280.75
e3cd92bf-2,102,486.2
d70c88d3-b,107,54.39
b3b13670-2,105,147.43
65eef64c-a,107,452.02
dc38ea60-a,103,219.2
eb5d566f-d,104,34.79
a5917af7-9,107,326.32
4b2386b5-4,101,83.5
3836d72c-2,103,46.78
4e29f18f-e,102,468.53
578ea21f-a,107,11.6
bdd98eb8-b,103,133.72
0577be70-a,105,275.25
4a7a7141-e,104,45.01
b923e620-8,106,171.02
b8e04d3f-a,105,264.77
e11763da-d,102,162.98
f7f82ed1-6,107,290.44
4e87d04b-b,103,203.83
17552dd5-c,107,53.34
3ebc5b49-9,101,49.46
2ada5e55-e,104,95.18
d9968549-7,106,112.53
ab2d6785-a,101,264.46
26c5d2ac-8,103,100.59
e01767b6-4,105,183.51
9bea96c0-1,105,473.92
1cbdb12d-1,104,317.02
02e20c5f-d,106,24.5
76f01383-b,106,228.39
b8a69db7-f,101,258.26
9f830a6f-0,106,116.68
dba7748e-e,101,221.56
5b190265-c,103,387.94
341ff061-4,102,375.03
ce680de9-9,103,339.89
aacc0242-4,107,260.45
cc07fdea-5,102,419.52
c355955a-7,101,61.67
dcf51353-b,102,408.9
e3574b61-1,101,42.01
e716e837-9,106,149.93
ecbfbc26-8,107,351.98
867a9827-9,105,177.4
1213d45d-3,102,407.94
771902a5-0,107,228.99
b940457b-9,106,133.82
75488462-6,105,383.46
27ab5568-b,103,326.03
42e7f495-0,106,258.67
9c18936b-6,102,450.07
d14c5600-a,103,480.15
487e8ab5-6,107,375.81
71cdea9f-6,106,31.08
48cdb5fa-a,102,221.02
6c2539a3-1,107,288.22
c1f10b74-0,102,349.42
d646b6b4-e,106,420.6
70ef0ef5-1,106,164.51
7c549c30-a,106,286.5
a2a1bf06-6,107,249.64
27b08b7e-0,106,268.41
5e3a3479-c,104,491.98
c84645bd-f,107,112.67
20d69811-6,107,439.73
5919dbdc-5,103,13.73
65c809c9-2,103,221.29
a586b34e-9,106,226.85
77b29710-2,107,146.09
186eb4e6-a,106,361.42
22753e41-f,106,52
d4d94ba1-7,101,196.87
b69f2c67-5,101,479.26
f08c4492-a,103,45.08
b4cdab2b-0,103,343
a0522f4e-1,103,114.7
0ab6838c-8,105,455.69
bac20164-7,106,177.05
77c8ac60-9,106,41.08
64a0dfd5-3,104,22.37
741c8904-0,103,328.06
6bb7c64c-e,106,105.58
a7c4d22b-1,103,261.76
a59a21d3-b,102,198.5
dcf6d509-4,105,402.1
61746f09-7,101,178.61
59f12f5e-a,106,286.85
2.45E-01,102,479.79
1dc9eade-e,102,213.66
0bc9709c-1,104,51.2
ca8f2b35-8,103,276.2
cd7e048b-a,106,15.48
a845a942-7,105,278.71
e789010d-4,101,289.79
ebcf582e-0,104,236.31
031a9f8f-f,101,95.58
e9cc48b5-8,103,420.68
d32f6c6b-b,105,442.05
bacaf816-0,107,402.29
49b5a19c-b,101,393.54
ed543135-8,107,86
d9211332-8,107,417.54
d13be26d-7,101,273.42
34a21b40-3,104,147.84
1b195936-7,104,365.95
5b93f5af-8,104,430.43
05a6d531-8,104,229.58
58fedada-b,103,83.42
97332847-9,104,456.22
4ab25679-d,107,219.64
d858e6de-f,105,312.88
9aaa064e-9,105,437.82
9f2ae6fd-8,103,171.3
610048f7-f,103,93.61
81e3d510-3,107,24.68
6cab92db-2,107,217.03
ba7748c5-6,104,425.48
9ee0c0d9-7,107,357.95
a1823938-6,106,271.43
3adf85d8-5,103,24.51
01c1488d-2,102,430.38
a7ef7bf6-f,105,399.53
17ed3053-e,101,491.37
7031b4e9-f,106,182.47
9b92d58e-1,102,352.7
54ef296a-5,107,252.82
c92d975b-0,107,478.35
7cdb7bcc-6,104,389.25
c6c4e17f-9,101,233.66
47dcb49b-5,101,155.04
274934eb-1,104,340.4
2a8fff8b-4,102,495.02
cfa52f4b-b,107,398.65
a3ea187a-6,105,404.26
c0cfe18f-a,103,47.54
55cd19bf-d,103,152.57
dcf55c7d-e,102,399.49
a195e087-1,101,168.52
6556f3ed-5,104,474.27
ab459f59-9,103,11.62
44d13aee-8,101,433.2
f9a08cdc-9,101,243.15
bdff5ceb-a,102,338.68
9a0f9442-0,102,256.93
f3090044-0,103,153.36
32f52e77-3,103,280.19
6a30e7e6-c,102,335.27
af326e04-8,101,464.98
30402e41-6,101,454.39
b05c6dba-1,107,145.86
d0a3f85b-f,101,195.95
94fc7678-1,106,206.99
d85e0838-d,103,108.04
a3749bf9-4,102,231.39
f609d1c0-8,106,356.81
cf8a6a42-e,104,316.3
8760cdc9-2,104,77.96
7c30618d-5,107,215.45
8cb10081-9,105,499.36
07d3c705-b,101,50.14
c69340de-d,105,425.24
0af60377-c,107,410.76
2ef11c9e-6,106,149.52
f95ba60a-d,104,147.82
ffa4a462-b,104,418.98
059c565d-1,106,55.86
2f9790c2-a,107,33.8
43eb2577-2,107,29.79
d63a71e5-9,104,344.67
71ed5cb0-b,105,109.4
6f74258e-5,106,444.09
721e95fc-7,101,383.4
7058ce9f-c,102,328.07
3db1bbd1-b,101,450.51
e652729a-6,107,350.51
7e42ee68-3,104,402.82
a96d8b06-5,107,12.81
241c5b49-7,102,186.27
fe823e51-e,103,34.93
b75e39cc-4,105,187.12
eb8bcfba-b,105,301.12
fd204ae7-3,102,149.98
3596eb92-f,102,475.44
fc12336b-4,105,20.86
cf38c5f3-3,103,499
d8179c70-9,105,46.41
fb8bb5e4-d,104,35.47
9a9926b5-e,102,164.44
99e30a62-2,106,164.41
4b2d81b8-b,104,213.47
6f3fb246-f,104,320.31
cdd4f661-4,106,319.86
5fa64fe3-8,101,41.53
6fd4ce69-0,106,205.9
2808821f-d,106,67.85
024bf585-e,103,433.77
07cfc2fd-6,102,496.95
5e246611-e,102,308.25
efbe8e1f-1,105,280.8
f721848c-d,107,130.53
3da581fa-d,105,299.12
88283ffc-e,107,179.16
ab632513-b,104,237.25
090c6a64-2,103,449.87
43944f95-7,105,138.04
a9a972ea-a,102,456.4
128bb94a-4,105,487.06
5f29a00a-f,107,409.01
327dab47-c,106,97.09
0e96bba7-f,106,252.08
d3cd79a0-d,103,248.11
87b3f6e5-6,107,254.93
26fcfebc-9,104,351.79
7dfb697f-1,103,160.3
1e8f5c9f-0,102,319.97
2ef97479-4,101,95.15
b6bb1f4b-5,103,381.45
e5379a31-b,106,203.24
e3c44ef7-d,106,118.84
159dc764-b,104,374.41
89a71662-4,107,57.79
deb3c2ea-7,107,235.61
e02c6641-8,103,162.91
b3a6731b-7,106,467.03
0444b3e7-e,105,468.31
18cbc03a-2,107,90.62
85baf850-e,103,420.77
9336c2d1-1,106,79.25
8f2b3ee0-e,101,76.89
88a957e9-b,105,63.54
41232e6b-0,101,465.65
2f4f7e97-3,106,487.28
10f600e2-a,106,347.3
95a41e50-2,107,151.14
7b62b19c-f,102,273
8660e2d3-8,106,407.72
1db41730-b,103,70.67
5a6c83a3-a,102,483.9
aaab8a7f-a,105,170.58
70f6b05e-c,106,254.57
6fe5c6ea-6,104,243.77
7db7d6ab-2,102,465.09
8132cfed-c,102,86.11
dec191a8-2,107,458.09
52a11028-5,103,147.92
5a2b7b42-2,103,230.4
24c63a38-9,105,354.94
f04a8aad-e,107,31.43
9ff96c86-e,102,481.77
da8e3eb2-c,101,230.27
5385184d-7,107,49.18
a8aaaab9-c,107,30.69
0b9b3d67-e,101,330.13
2f2961d7-2,106,99.78
922396c9-5,107,299.27
bff57146-b,102,215.27
83cdbe5b-d,103,246.81
ccd15bd9-f,101,112.45
7aaef086-4,101,137.6
29802c45-f,102,72.87
5f21f214-6,105,282.01
5c4dbe08-e,104,264.02
540fc545-b,102,438.82
d6af616f-e,101,287.83
05fb83f5-5,107,148.73
8ad678aa-5,105,311.38
611e47e6-7,107,458.77
49bd4399-b,105,89.74
be08cab2-c,104,286.91
71163b94-9,101,413.43
b671ec0c-a,103,49.61
ac551181-6,105,474.78
96332841-4,103,176.59
192148e8-d,102,185.03
5deea061-5,103,291.53
253f8125-b,105,222.4
61ce87ca-8,101,490.62
48dde606-1,105,182.37
0f93e3db-f,107,149.07
5c344a6e-b,107,222.07
250519ce-c,104,271.04
f620d94d-8,103,222.78
5a3adec7-d,101,70.53
a4a2fdda-e,105,456.08
8168dbcc-a,104,437.68
5ddc0052-e,102,67.34
1676300b-1,103,233.53
861acc2d-e,102,92.83
d308f981-5,106,404.71
23b0c06e-4,106,477.05
b4a1e1c6-8,105,244.37
e8e89970-a,103,102.86
25d4249f-8,107,356.25
8249738d-4,105,108.51
8ed95f0b-0,103,207.67
8b1f209a-9,101,74.87
ed83742c-8,103,480.9
fbc2def3-3,102,65.53
db2c1f3e-1,102,40.21
3c025691-9,106,303.09
6a6da424-7,106,263.81
61d4d31e-c,104,384.34
456dd49c-a,106,197.02
386ac42a-2,102,404.92
fe3e592a-f,106,171.06
d4f8bb14-c,105,434.67
e504b46b-a,103,56.67
0163c4eb-b,107,125.2
e671d436-a,101,354.46
f4a06faf-9,106,268.57
b489b2b3-b,103,450.73
e9c79473-d,101,360.74
b1686020-0,101,368.83
2933f49f-c,101,195.94
6cff7e5b-7,105,214.73
605dde07-5,105,249.63
ac3960d0-3,103,45.18
4c3fce3c-7,105,41.06
c6297969-c,102,381.42
1a41a273-7,104,493.08
3821c082-a,102,117.31
a0806601-f,101,253.73
c71fd02b-3,107,334.97
d8f7208e-9,105,58.66
13a0fb92-0,107,79.22
348eebab-6,103,476.9
e845627c-e,106,268.4
eca4c411-a,105,103.52
2171a7a9-3,102,470.39
081c867e-d,102,322.28
a2ca0417-c,105,268.31
0c8235e6-1,102,395.04
6d6f9b42-8,101,75.21
bc16cccb-e,103,336.21
b4fd3311-4,102,472.19
3bf3112c-c,103,268.42
41409b71-d,102,70.29
75fb7c82-7,102,124.79
632f132c-2,107,358.47
6782d91e-a,105,11.83
5eb79b27-e,107,361.89
6ad98a9f-a,105,22.47
cc6afc23-3,107,257.41
72a2a739-6,107,447.66
06f04616-9,101,107.75
4767f4f9-a,103,430.37
d4b67c79-9,103,389.18
11bc8942-0,103,14
ae94fc57-6,103,83.76
c746b898-a,103,461.12
492eb03f-1,104,477.27
4c69c893-e,104,401.83
fbc99468-d,105,107.73
d0fde69e-d,104,353.55
b061f870-c,101,142.07
195cfd98-7,106,224.1
6eaf6197-0,103,142.54
282631c1-5,106,179.89
6802eae8-d,106,342.71
3a69c3a0-d,105,489.86
19db04e8-9,106,189.68
fa06d96a-a,106,95.16
a121de58-6,106,177.35
6714d9f5-0,104,223.91
6f933a3f-7,102,386.24
2a3c4165-1,101,150.85
62618c9b-0,102,447.22
51ea777d-f,101,251.13
4.31E-03,101,405.16
136fbb48-c,104,471.46
17a0e86a-6,104,10.58
2245ba41-8,101,491.92
656c4717-e,101,247.75
2fa4644f-f,101,158.62
803ed1ef-4,106,336.93
7cf4dc07-6,103,311.3
68931536-a,103,280.73
5e363698-2,104,436.53
b5e7c030-b,103,366.94
9c1c55f3-3,105,13.49
0e574c91-5,107,182.15
b81a2d01-e,102,140.83
a937b54d-f,105,159.05
66bc7e84-f,106,136.1
5ed1a6ec-f,106,192.28
b4223b18-c,107,437.53
ba30a600-6,106,128.95
00d20e0d-6,106,355.35
3ef564dd-7,102,491.63
fe6ad58f-0,105,137.13
aa78760a-b,107,457.41
1d053cf8-1,104,425.6
26a27ad3-4,106,204.49
49502edc-e,102,471.03
7e6780ba-b,102,420.58
1517ace3-f,106,214.62
b92d62e3-c,105,494.16
ba598345-4,107,378.63
843b8f99-f,102,172.74
46ddbf2a-0,103,17.08
0ded6d51-b,101,338.44
b34abdfb-8,102,148.98
3281432b-a,106,346.17
f6e1973d-d,101,135.91
46d205d7-b,103,341.06
5c0c794f-c,102,416.7
51c2dc56-7,105,97.95
8a77898b-8,101,118.21
ad9581a4-0,105,255.92
1306885a-f,105,198.11
b1920f07-6,103,80.06
9366eec8-b,101,108.02
8037dc93-a,103,158.49
1a0d08bb-d,107,316.9
f7ebaec2-4,102,142.15
0764f6d3-c,104,433.65
a8d1277a-0,106,51.82
102b9ab9-f,106,287.77
0e9d8aba-c,102,263.46
a2137180-3,103,464.8
cda05d56-5,105,179.09
6ec7b270-1,104,56.34
3d9280ac-8,101,293.68
10f11f18-5,105,204.69
d2c02693-7,104,85.67
73d0ed60-0,103,271.62
e4da43fb-b,105,434.06
dfae4cb5-7,103,403.69
dab77002-a,101,250.78
918372e9-e,102,472.01
4baa2a93-c,103,411.25
f0bf4f4a-e,106,129.1
74b85d53-2,101,427.22
b9c5a1cd-8,104,200.58
55ad51a4-7,106,147.46
f209e50b-6,101,284.81
bb22db47-5,102,32.57
0d17cc68-f,105,322.14
4ec3a5c5-c,105,187.36
c6aa7b68-4,101,479.31
d02581bb-6,106,138.58
0063786d-0,107,354.92
8cd97b59-d,104,329.08
10f30747-e,106,399.27
758e2e7f-1,103,366.82
749b802c-a,107,395.07
cb658966-e,105,427.4
df9f33f5-1,105,433.97
178b783b-5,106,31.97
2f18091d-4,104,430.19
ed0cc782-d,102,231.04
2ab6358d-4,102,41.27
24913f2e-2,106,313.34
793b5123-c,101,460.68
835fac32-5,103,456.87
d63815b9-c,102,214.75
afb954bb-f,101,386.52
694fc02b-a,106,190.17
cef56506-5,106,327.17
ef4f7c42-e,105,295.26
0b4dc863-c,102,106.96
7ebc97fb-b,103,169.52
918b5f9a-3,101,344.57
c548cf2c-b,106,89.46
df747575-7,104,472.59
827e917d-5,103,89.3
8bb1e074-4,101,288.05
4678822d-d,102,176.69
521bae69-4,105,444.5
102c84db-6,101,144.11
ebe13d4f-7,101,433.94
ae024f47-f,102,160.88
6bf29c21-b,101,434.47
44554ff5-b,106,230.16
0bf21190-0,106,276.95
0d81c583-f,106,394.59
0b2ac28d-3,107,371.41
151f3148-4,101,349.27
43f85fc8-5,102,51.97
7d749d16-a,103,298.43
2bd88536-d,106,361.04
6d385880-3,104,31.89
d7dc3c83-7,104,393.9
2acb95e2-9,105,432.65
db768ef3-e,106,262.74
c940cc52-a,107,34.02
72ce314e-c,107,101.83
8c735cf6-6,103,418.08
31068fbd-5,102,285.27
5abf64dc-f,101,233.63
d65380b8-b,102,257.48
ccdca36b-5,105,445.72
2739d8a4-1,104,257.18
a537747a-b,107,278.99
5f56f43c-3,104,252.94
080b71c4-4,101,50.37
1df2222c-7,107,106.14
6ee9e3f0-3,101,399.39
9ec84b7e-f,107,291.89
7199581b-3,106,279.35
5ac642e8-2,105,197.95
0deb5462-0,106,463.22
359b2172-9,101,168.01
737eae8d-e,106,38.25
006cd2ab-5,101,436.07
1b9cd71e-b,104,44.39
742b2734-0,107,237.6
525a3c3a-f,107,214.63
35fbbd87-6,104,471.68
4b6f292d-e,105,386.36
780f63d6-5,104,218.86
880c9bdf-3,102,331.21
32d01cbe-c,107,18.8
3a0c22e7-4,107,215.01
142c03ad-2,104,367.33
55edee38-f,104,383.36
6e863b90-e,101,146.46
d1c954d1-9,103,249.34
27bea5fd-b,107,192.73
ef3c93eb-7,102,117.42
34f7ba7d-c,103,199.48
476cb286-2,103,463.31
593f72e9-e,103,185.53
07f7a673-8,105,481.16
cc64be0e-f,105,167.77
4a8b4b0b-b,107,123.79
61e20ac1-7,105,331.56
904999a9-7,101,129.45
baea080a-9,107,347.27
6e3beafc-d,103,489.29
e5937e20-5,105,235.18
5e1ac35c-a,105,477.68
d11ab1dd-a,106,159.95
7db532eb-7,103,112.55
8bd5e64f-d,106,56.87
7ca7107b-7,107,142.61
addbc2a0-1,102,33.31
4ede3d2b-a,104,177.17
055a9bc5-a,106,382.64
17ede104-6,102,104.37
a262c069-4,106,329.03
905cb450-c,107,272.05
e6ddc669-c,103,192.95
156f7e2b-9,106,128.74
9e533c02-7,107,361.85
ab6bdbee-3,103,197.88
72d77546-2,102,122.79
437789ec-5,106,290.14
583179d7-5,107,227.45
6c21e943-3,105,318.96
55b3a852-9,104,160.41
76fa1c92-2,102,428.15
1fc03817-d,103,351.68
70fce63e-6,103,245.25
7f734297-4,104,327.94
9a49cb15-7,104,53.15
f5040cdd-f,107,483.76
e0cfa3c7-3,103,60.12
38d4979c-c,104,298.24
97113d45-4,106,51.92
52a56ac7-c,101,45.39
f24afeb8-c,102,60.17
a21685d4-7,105,265.56
ee6efec8-8,105,215.49
27f233b7-a,101,168.21
b169d475-5,104,230.21
9a743f52-0,104,448.57
14607706-8,101,96.31
b9334bd5-4,105,329.54
077818f5-8,105,417.07
19ebba70-8,105,264.45
d6bcd01d-c,102,82.72
28a99b08-3,102,265.25
8d0c9e1c-c,106,464.26
5dd81ddb-f,107,205.68
af7b0fdd-7,104,41.41
572dd8d9-2,104,142.61
4e553a64-6,101,189.35
34469e0b-6,101,24.41
2e962d53-a,105,428.85
e1fcc349-b,104,297.35
bb922b32-8,105,53.13
056e009d-6,104,496.31
333bfc25-0,106,313.5
2e895596-b,101,166.78
463221f1-b,105,80.69
0f7f7a5b-4,106,205.66
f0250a8a-1,101,294.06
23c39afd-4,102,481
53bca148-1,103,64.64
72d6c5f7-5,104,437.28
03373a01-a,107,338.85
747def18-0,103,486.64
ac440998-5,104,59.31
6181fdf3-3,107,59.56
d7099b67-2,102,322.39
34053ecd-3,104,459.93
c5b994a5-5,107,265.71
478bc891-e,105,26.45
26e42f88-5,101,357.62
e2da2cd0-0,103,282.33
67e41f7f-3,105,396.56
20f883e0-e,103,456.74
55159488-d,107,281.5
4ca008f8-5,102,230.41
7ad050b2-d,101,479.45
1f5425bf-6,104,81.48
7d2f6da6-1,106,229.63
d9dd7305-e,107,422.68
9e1cec60-9,101,50.88
ec441d57-7,102,369.95
ecc1678f-a,106,58.77
1fe8c373-3,103,397.97
02dbf50b-0,105,282.65
453cf006-6,102,48.25
6ff77386-0,105,191.29
a2a42e9d-b,102,309.01
01b89dba-d,105,93.6
1354da2f-5,104,347.27
f42e7272-8,105,170.9
ceaa19e1-5,101,378.49
d18ab621-0,101,480.02
c0b25d1f-c,106,207.33
ad81fe37-e,105,144.46
e76f4d92-1,101,171.96
f812b493-1,104,353.92
43c1b6b4-6,106,154.46
8be0f5e6-0,102,142.25
0288af94-1,105,210.7
73d60386-6,107,195.24
7bbb6c0f-c,106,407.25
72bc456d-d,101,42.18
f715aa03-c,106,318.69
2d25d93b-6,105,115.36
f4d910ca-8,105,119.38
9fecbeb4-1,106,104.9
0adf42d6-e,102,327.53
ff781f26-c,105,370.14
406b9285-e,106,395.74
244ed32c-a,105,124.53
62004d3d-c,106,443.2
e6e89737-8,101,109.76
610b6881-1,107,32.18
f74a5439-c,104,106.65
633b2814-6,102,201.72
b8877827-a,101,45.3
0fab213c-b,104,350.77
043c6198-3,103,241.86
74814259-a,107,187.93
12c5bcdc-9,104,193.42
23bbe375-4,106,440.43
35daad88-b,101,411.73
ab4d89bc-5,104,369.78
e4101576-c,107,168.76
5e3d48d8-a,106,391.64
e7b0cef4-d,105,59.97
23a7ef19-c,105,418.67
f8a2586c-3,106,245.49
46fbdba0-0,101,387.5
8b31b952-b,106,52.6
127e6307-0,107,368.93
aa9b03db-e,103,141.33
5461de47-f,106,359.08
077b1915-4,101,400.48
71acfa5b-1,105,494.06
8255795a-a,105,179.54
ca5ffc90-b,104,39.49
6ddaa573-1,106,214.98
50dd3bf5-d,101,155.36
6bdaf3da-3,104,195.38
35f0a72f-a,102,392.7
b360449a-b,101,403.71
d973b6bf-e,105,256.66
a6386230-6,104,323.13
7443ec94-2,101,122.36
e0af5ec8-9,105,386.53
e71ea629-6,103,214.85
31d6ea4b-9,106,242.71
4d8f3de2-c,107,456.79
0c380286-a,107,251.69
64a99f5d-4,101,428.42
f8c2cf0f-5,104,126.93
7c754cd4-b,102,294.78
96c4910e-e,107,250.19
ffc76feb-5,106,167.6
122ea7d5-4,107,166.34
74847d91-f,107,429.9
b6b50ccf-6,102,229.85
cdf2289c-6,102,333.75
0bb3b1f8-b,105,265.32
65d4a06c-3,104,238.8
6cf8083d-5,101,33.67
93af15e1-0,104,336.04
81b33def-9,105,463.83
0774cbb9-7,103,44.04
53da8163-6,104,180.46
d3ec1491-2,103,219.22
6b482634-f,104,17.62
cce3b781-9,106,434.24
ecfee708-c,104,362.88
2e625d0a-e,104,150.84
0cc21bc5-2,101,16.81
53a5a769-f,101,415.93
69c701b5-e,102,11.62
a9a54bb0-7,102,379.55
8eee2c96-a,101,36.7
f36c3d78-2,101,187.71
22e240d4-1,107,247.95
31f57700-9,104,93.82
66e16cc8-6,105,436.57
2e589993-c,106,251.55
c7ba1a27-a,102,358.51
f4d23f5f-d,101,277.08
e852197d-c,102,166.11
c9730c6b-8,102,375.69
021b5323-6,103,40.84
75361d13-c,104,284.31
67c6110c-d,106,382.26
de3193c1-5,102,432.35
27759c80-c,103,375.08
8e4f5f67-b,103,96.29
78871f14-5,104,18.83
f79b493a-a,101,209.81
abfbb29e-b,104,462.62
66735ed7-1,105,75.39
6afcbca0-5,107,42.08
0fdd5b3a-3,103,301.63
12e1b808-8,106,111.69
8556e66c-8,102,67.93
8f607500-f,101,304.77
fca49d30-4,105,414.17
2e17ee27-f,103,229.31
22ba3bc0-4,106,203.87
5f14d968-6,103,341.35
325aa7df-2,105,46.58
6bf09eaa-b,106,495.47
ddc5cc56-d,106,170.19
454a18be-b,105,496.58
1ce53602-d,107,265.4
cac7db78-2,107,182.3
0a92dd28-a,107,331.23
f01362a8-e,101,368.61
88c5852e-1,104,77.58
ad70a3a7-d,105,225.18
d8da0c70-7,102,26.84
3a293082-5,103,145.56
2296bad7-5,104,71.21
2a7b7a77-b,102,282.16
fe7b7f45-d,105,312
6bbc1f47-3,107,210.34
cdeb8fed-1,102,53.33
55d34999-4,105,459.92
d8f37fb7-4,105,121.91
669c2558-4,104,454.48
9f1e246e-7,107,365.46
ca5ade08-c,105,285.77
7f65820e-3,105,382.19
c8fd6364-9,101,470.63
63590819-0,103,14.21
6ede0fd1-8,104,116.25
ed1ae875-7,105,464.22
96967760-1,102,110.66
8273b4d6-a,102,405.44
9ce572cf-c,105,387.72
c5c953dc-1,101,494.64
76fabe22-a,102,15.47
2708706b-f,102,246.59
f2da22e6-4,107,27.64
9d71623e-6,104,464.83
260967ac-3,104,111.4
353f3937-0,102,401.32
b69ff3d5-0,104,58.57
605d4e9a-9,102,51.66
cf241107-4,103,74.45
f4e68cb9-c,104,452.7
1caa8cc2-d,107,89.64
fa74c07d-0,105,403.11
5fdc50b4-9,103,265.96
816750a6-2,106,286.82
52dab7d3-2,104,411.18
2.25E+05,103,151.15
eccf2ef5-f,105,15.79
0fd849b9-6,105,25.72
aa0dd417-1,101,308
949b68fc-4,106,28.03
edd3115f-f,103,253.16
f25ed4ac-f,102,178.63
c10b4517-2,105,466.27
1432e84a-5,104,66.61
320ed873-2,104,96.54
ae12cb5e-b,105,93.17
424145fa-f,103,177.14
fd6d8c56-2,104,178.71
60fad8b3-2,101,49.67
2752a4e7-d,101,377.17
8d54a85c-b,103,467.12
9d7b3a40-1,107,50.13
208c25b0-f,107,84.5
e923ddb3-0,106,335.21
6aab4de3-c,104,496.92
c4b7e49b-3,102,188.19
eecc66fb-1,102,260.92
51f611f7-5,107,75.9
b73fbc73-a,102,146.25
7780976a-a,105,44.04
a38718aa-1,102,226.03
08d26d88-a,102,210.43
21c515e3-9,104,161.16
1b6d2e70-3,102,159.01
42eaef55-d,104,92.91
6e38e927-b,103,158
a51a4ade-9,107,137.33
731d74ce-8,103,176.73
4fad634f-d,101,64.49
8679b68a-2,105,25.9
44750fc4-5,105,452.56
a595d509-9,107,178.67
654b3879-5,106,326.79
3bf1555f-e,103,317.61
e11430ab-8,106,210.72
16f47d8b-3,105,301.53
57a2108b-b,106,338.28
72bf5c3c-e,105,212.78
11183869-3,106,147.17
d4ab229e-c,102,320.44
21f8295d-0,101,395.32
2fe45a62-d,103,436.56
802e2598-a,102,61.32
4f214f6b-a,103,359.22
c9254109-5,103,309.67
35118dda-c,107,309.54
afb2d617-c,101,315.8
4cdd9fa5-1,103,425.9
3d9448a2-d,102,399.41
2dd9f21a-9,103,177.58
e32822c0-4,107,207.02
cbfe0b39-9,102,324.36
f2abc93d-7,105,168.18
5c34ab2f-1,101,396.76
9cb987d3-7,105,74.67
c30789e2-2,104,268.63
27086972-3,105,105.99
93701244-6,105,213.68
ef09e847-4,104,148.44
672bdc23-b,103,140.68
4581d011-b,103,393.82
89023a7d-8,103,155.42
0d1afa5d-a,106,267.16
e7797ea9-2,103,340.21
9541684d-3,102,336.44
694dc185-6,107,283.36
fddffc2e-9,102,472.32
cecae3dc-8,106,101.57
d2d8de8e-9,107,395.72
20db9273-b,107,221.5
dc3e57fa-e,107,320.78
990c64e6-e,107,315.5
909a3085-c,104,27.26
f8947636-8,103,409.56
c803cb4d-f,103,194.33
af1f5832-c,106,281.87
05611fde-f,101,63.89
683396d0-8,105,409.61
fb547e8b-d,102,222.24
75a51dbb-6,107,167.97
511ebbe1-b,107,101.38
cfcf8a79-4,104,299.63
fd3b53af-c,103,373.78
2821ebc6-0,101,243.74
e4f7dbbd-b,106,133.2
5e070719-4,107,68.94
dc89fb50-2,107,275.43
9ec5b085-7,103,197.83
3d35c39c-5,107,215.89
19df81cc-7,104,83.57
b515ad91-9,105,393.77
03440158-4,103,262.88
7803ef47-f,104,373.87
ab788e03-9,104,96.15
9e01f018-3,106,298.68
bbf5a8c4-c,105,290.9
9de4ed40-3,107,316.29
279b80d2-3,103,69.38
bc3d8d56-d,104,241.05
cb1d13bc-a,106,206.34
ab743503-5,105,457.39
ad062ad5-4,105,71.82
c201b757-7,104,431.57
f2226ce1-5,104,304.06
c0c0bc6d-5,104,302.93
2c094686-a,105,31.24
434e63d4-3,101,439.88
fa9eac42-d,103,397.79
beed46fa-3,105,302.86
f4a35930-c,107,286.82
b15b2799-0,102,209.91
7184cb78-f,104,406.97
89622171-7,106,95.24
57bd01e9-5,107,313.68
ed994c1b-8,107,328.54
c7d050f3-d,102,390.78
47489c4d-c,101,432.01
17d2f080-1,107,101.33
b1fa8814-7,101,97.09
8a686224-d,105,428.23
a68ea643-5,104,249.79
6b443db9-7,105,125.28
9e0e3d1d-9,103,27.12
585b0773-2,101,484.56
ae83104f-9,106,68.45
2e3d2cff-e,101,108.02
5dc3861b-a,106,287.25
5c512226-0,104,198.26
cabdd327-d,102,218.12
b371fcde-5,103,401.08
b45ef0eb-6,105,247.48
8402c6f6-f,102,78.14
a2f456bc-6,105,169.79
cd15baa4-6,102,438.09
c5855ed0-1,107,265.65
aff28293-4,106,39.87
48abeefb-a,107,406.9
20ed3090-1,106,218.68
57d63443-6,106,216.55
9e94c33f-a,101,282.62
c6bc8604-1,105,493.54
f98164ab-b,102,48.56
38ffeb9d-2,101,185.29
d34354bc-4,101,310.41
f6e5b45b-1,104,381.75
444025dc-a,104,202.43
3ee2d742-e,102,235.21
7d8a413d-2,105,371.67
14316b67-4,103,393.1
32cefb76-9,104,146.55
d3e39266-3,107,193.43
1cda4de8-a,101,259.28
503f3f21-6,102,217.51
ae7411d3-2,105,412.49
d2715a4e-f,102,392.74
954b6084-d,101,135.71
b894955f-9,103,487.62
90083387-2,104,370.72
31706191-8,104,98.73
f0f93bcd-c,106,79.42
a41c5d52-d,106,248.01
240cbb3f-2,107,339.17
c957a166-d,105,419.32
59771ab0-8,105,323.53
8e123634-6,103,230
6a59db47-e,105,218.44
68867ed9-3,105,431.85
5420918c-0,105,334.79
28714133-6,104,486.79
08838c2c-9,103,212.87
c39a4f16-6,106,389.76
b4f67f96-9,107,447.66
a5d07442-d,106,235.77
